Time of the generation of the data point., The number of round trips measured by this data point., The duration for this measurement., The underlying connection's RTT at probe time., The underlying connection's congestion window at probe time., The type of the probe., The underlying connection of the probe., 
12-21-2022-23-05-20.301,1, 0.0162056,0.018793,110482, SelfUp,0, 
12-21-2022-23-05-20.301,1, 0.0196116,0.013867,16285, SelfDown,0, 
12-21-2022-23-05-20.401,1, 0.026981,0.023144,31792, SelfDown,0, 
12-21-2022-23-05-20.401,1, 0.0307277,0.022368,339371, SelfUp,0, 
12-21-2022-23-05-20.502,1, 0.0359649,0.033913,520857, SelfUp,0, 
12-21-2022-23-05-20.502,1, 0.0638527,0.032893,42013, SelfDown,0, 
12-21-2022-23-05-20.602,1, 0.0417531,0.034629,664323, SelfUp,0, 
12-21-2022-23-05-20.602,1, 0.0915168,0.030122,48346, SelfDown,0, 
12-21-2022-23-05-20.708,1, 0.0214033,0.021312,51668, SelfDown,0, 
12-21-2022-23-05-20.708,1, 0.0298051,0.026598,763953, SelfUp,0, 
12-21-2022-23-05-20.810,1, 0.0185629,0.022268,893470, SelfUp,0, 
12-21-2022-23-05-20.810,1, 0.0193942,0.0184,54588, SelfDown,0, 
12-21-2022-23-05-20.910,1, 0.0305703,0.031526,58536, SelfDown,0, 
12-21-2022-23-05-20.910,1, 0.0394191,0.032504,1002965, SelfUp,0, 
12-21-2022-23-05-21.017,1, 0.0142125,0.035299,61681, SelfDown,0, 
12-21-2022-23-05-21.017,1, 0.014728,0.028014,1132167, SelfUp,0, 
12-21-2022-23-05-21.123,1, 0.0243056,0.025652,66230, SelfDown,0, 
12-21-2022-23-05-21.123,1, 0.0261321,0.02925,1169408, SelfUp,0, 
12-21-2022-23-05-21.230,1, 0.0289964,0.031058,1169408, SelfUp,0, 
12-21-2022-23-05-21.230,1, 0.0549318,0.021878,71114, SelfDown,0, 
12-21-2022-23-05-21.331,1, 0.0411213,0.030948,1169408, SelfUp,0, 
12-21-2022-23-05-21.331,1, 0.0647888,0.030952,160486, SelfUp,1, 
12-21-2022-23-05-21.331,1, 0.0713035,0.026061,74843, SelfDown,0, 
12-21-2022-23-05-21.331,1, 0.1073894,0.025711,16075, SelfDown,1, 
12-21-2022-23-05-21.431,1, 0.0294686,0.024503,257391, SelfUp,1, 
12-21-2022-23-05-21.431,1, 0.0319762,0.033064,1169408, SelfUp,0, 
12-21-2022-23-05-21.431,1, 0.0793521,0.032762,77901, SelfDown,0, 
12-21-2022-23-05-21.431,1, 0.0825589,0.030654,16742, SelfDown,1, 
12-21-2022-23-05-21.531,1, 0.0284941,0.027958,1169408, SelfUp,0, 
12-21-2022-23-05-21.531,1, 0.0590036,0.03003,18599, SelfDown,1, 
12-21-2022-23-05-21.531,1, 0.0636129,0.033963,286999, SelfUp,1, 
12-21-2022-23-05-21.531,1, 0.0891525,0.037103,80677, SelfDown,0, 
12-21-2022-23-05-21.632,1, 0.0312337,0.02812,371679, SelfUp,1, 
12-21-2022-23-05-21.632,1, 0.0335002,0.017402,82585, SelfDown,0, 
12-21-2022-23-05-21.632,1, 0.0374867,0.029223,1170432, SelfUp,0, 
12-21-2022-23-05-21.632,1, 0.1064029,0.036551,23956, SelfDown,1, 
12-21-2022-23-05-21.733,1, 0.0241608,0.030919,500554, SelfUp,1, 
12-21-2022-23-05-21.733,1, 0.0241608,0.034398,83315, SelfDown,0, 
12-21-2022-23-05-21.733,1, 0.02516,0.030131,1170432, SelfUp,0, 
12-21-2022-23-05-21.733,1, 0.0309211,0.027028,27073, SelfDown,1, 
12-21-2022-23-05-21.840,1, 0.0402473,0.031782,1170432, SelfUp,0, 
12-21-2022-23-05-21.840,1, 0.0880147,0.037001,677184, SelfUp,1, 
12-21-2022-23-05-21.840,1, 0.1136845,0.035745,89730, SelfDown,0, 
12-21-2022-23-05-21.840,1, 0.1156831,0.035398,33457, SelfDown,1, 
12-21-2022-23-05-21.949,1, 0.0276309,0.036648,688869, SelfUp,1, 
12-21-2022-23-05-21.949,1, 0.0276309,0.034504,1170432, SelfUp,0, 
12-21-2022-23-05-21.949,1, 0.0864863,0.02687,90605, SelfDown,0, 
12-21-2022-23-05-21.949,1, 0.0892828,0.032819,35783, SelfDown,1, 
12-21-2022-23-05-22.057,1, 0.0347694,0.035565,840167, SelfUp,1, 
12-21-2022-23-05-22.057,1, 0.0347694,0.037496,1170432, SelfUp,0, 
12-21-2022-23-05-22.057,1, 0.1329074,0.04401,92782, SelfDown,0, 
12-21-2022-23-05-22.165,1, 0.0352072,0.037496,1170432, SelfUp,0, 
12-21-2022-23-05-22.164,1, 0.0388336,0.035565,851815, SelfUp,1, 
12-21-2022-23-05-22.057,1, 0.1506579,0.026524,37857, SelfDown,1, 
12-21-2022-23-05-22.165,1, 0.0951786,0.035499,28751, SelfDown,1, 
12-21-2022-23-05-22.165,1, 0.1244675,0.032831,66270, SelfDown,0, 
12-21-2022-23-05-22.265,1, 0.0277138,0.035013,954421, SelfUp,1, 
12-21-2022-23-05-22.265,1, 0.0277138,0.02646,1170432, SelfUp,0, 
12-21-2022-23-05-22.265,1, 0.0357141,0.031728,29096, SelfDown,1, 
12-21-2022-23-05-22.265,1, 0.0507134,0.032831,66270, SelfDown,0, 
12-21-2022-23-05-22.369,1, 0.0375898,0.036241,65520, SelfUp,2, 
12-21-2022-23-05-22.369,1, 0.0375898,0.033773,1063498, SelfUp,1, 
12-21-2022-23-05-22.369,1, 0.0375898,0.034296,1170432, SelfUp,0, 
12-21-2022-23-05-22.369,1, 0.1145804,0.036684,68975, SelfDown,0, 
12-21-2022-23-05-22.369,1, 0.1167112,0.034554,32655, SelfDown,1, 
12-21-2022-23-05-22.470,1, 0.0224798,0.034903,69066, SelfDown,0, 
12-21-2022-23-05-22.470,1, 0.0224798,0.032709,33659, SelfDown,1, 
12-21-2022-23-05-22.470,1, 0.0224798,0.03525,1170432, SelfUp,1, 
12-21-2022-23-05-22.470,1, 0.0237442,0.026019,181323, SelfUp,2, 
12-21-2022-23-05-22.470,1, 0.0285633,0.032468,1170432, SelfUp,0, 
12-21-2022-23-05-22.369,1, 0.207712,0.03195,14560, SelfDown,2, 
12-21-2022-23-05-22.572,1, 0.0351027,0.03458,1170432, SelfUp,0, 
12-21-2022-23-05-22.470,1, 0.1564291,0.032737,14562, SelfDown,2, 
12-21-2022-23-05-22.572,1, 0.0689109,0.033176,267395, SelfUp,2, 
12-21-2022-23-05-22.572,1, 0.0772084,0.035639,1170432, SelfUp,1, 
12-21-2022-23-05-22.572,1, 0.1100331,0.036455,24396, SelfDown,1, 
12-21-2022-23-05-22.572,1, 0.1120347,0.033642,14569, SelfDown,2, 
12-21-2022-23-05-22.572,1, 0.1140325,0.03178,71665, SelfDown,0, 
12-21-2022-23-05-22.672,1, 0.0185096,0.028284,71862, SelfDown,0, 
12-21-2022-23-05-22.672,1, 0.0195271,0.020833,288511, SelfUp,2, 
12-21-2022-23-05-22.672,1, 0.0195401,0.029433,24400, SelfDown,1, 
12-21-2022-23-05-22.672,1, 0.0195401,0.029406,1170432, SelfUp,0, 
12-21-2022-23-05-22.672,1, 0.029378,0.033499,1170432, SelfUp,1, 
12-21-2022-23-05-22.672,1, 0.0931263,0.033627,14578, SelfDown,2, 
12-21-2022-23-05-22.774,1, 0.0771208,0.035068,1170432, SelfUp,1, 
12-21-2022-23-05-22.774,1, 0.0967284,0.035202,319870, SelfUp,2, 
12-21-2022-23-05-22.774,1, 0.1038742,0.035568,26803, SelfDown,1, 
12-21-2022-23-05-22.774,1, 0.1068321,0.035707,15942, SelfDown,2, 
12-21-2022-23-05-22.774,1, 0.1073928,0.035507,80510, SelfDown,0, 
12-21-2022-23-05-22.877,1, 0.0232282,0.02252,86516, SelfDown,0, 
12-21-2022-23-05-22.877,1, 0.0232282,0.03403,27892, SelfDown,1, 
12-21-2022-23-05-22.877,1, 0.0239077,0.026537,1170432, SelfUp,1, 
12-21-2022-23-05-22.877,1, 0.0245419,0.029175,327460, SelfUp,2, 
12-21-2022-23-05-22.774,1, 0.1441112,0.028545,1170432, SelfUp,0, 
12-21-2022-23-05-22.877,1, 0.0420124,0.028545,1170432, SelfUp,0, 
12-21-2022-23-05-22.877,1, 0.090105,0.033156,19278, SelfDown,2, 
12-21-2022-23-05-22.978,1, 0.0399985,0.035923,1170432, SelfUp,1, 
12-21-2022-23-05-22.978,1, 0.0420694,0.035321,353624, SelfUp,2, 
12-21-2022-23-05-22.978,1, 0.052195,0.038522,1170432, SelfUp,0, 
12-21-2022-23-05-22.978,1, 0.0842893,0.033766,20432, SelfDown,2, 
12-21-2022-23-05-22.978,1, 0.0864652,0.035023,60579, SelfDown,0, 
12-21-2022-23-05-22.978,1, 0.146957,0.034291,33085, SelfDown,1, 
12-21-2022-23-05-23.083,1, 0.0787489,0.034291,33085, SelfDown,1, 
12-21-2022-23-05-23.083,1, 0.0955989,0.037746,385583, SelfUp,2, 
12-21-2022-23-05-23.083,1, 0.1197054,0.038241,1170432, SelfUp,0, 
12-21-2022-23-05-23.083,1, 0.1294373,0.032035,60622, SelfDown,0, 
12-21-2022-23-05-23.083,1, 0.1694482,0.034418,24781, SelfDown,2, 
12-21-2022-23-05-23.191,1, 0.0656698,0.039597,1170432, SelfUp,0, 
12-21-2022-23-05-23.191,1, 0.085533,0.038362,397643, SelfUp,2, 
12-21-2022-23-05-23.191,1, 0.1010726,0.034266,35856, SelfDown,1, 
12-21-2022-23-05-23.191,1, 0.1186609,0.028694,60634, SelfDown,0, 
12-21-2022-23-05-23.191,1, 0.179103,0.033339,28531, SelfDown,2, 
12-21-2022-23-05-23.291,1, 0.0936896,0.04748,410761, SelfUp,2, 
12-21-2022-23-05-23.291,1, 0.1005565,0.047326,1170432, SelfUp,0, 
12-21-2022-23-05-23.291,1, 0.1320934,0.031686,29985, SelfDown,2, 
12-21-2022-23-05-23.291,1, 0.1331427,0.029465,42807, SelfDown,1, 
12-21-2022-23-05-23.392,1, 0.0457343,0.040648,418305, SelfUp,2, 
12-21-2022-23-05-23.392,1, 0.0457343,0.046073,1170432, SelfUp,0, 
12-21-2022-23-05-23.392,1, 0.0525442,0.041449,108276, SelfUp,3, 
12-21-2022-23-05-23.392,1, 0.0772877,0.036387,42816, SelfDown,1, 
12-21-2022-23-05-23.291,1, 0.1794317,0.038299,42724, SelfDown,0, 
12-21-2022-23-05-23.392,1, 0.0809636,0.038299,42724, SelfDown,0, 
12-21-2022-23-05-23.392,1, 0.0968665,0.033457,20990, SelfDown,2, 
12-21-2022-23-05-23.392,1, 0.0975327,0.035896,14560, SelfDown,3, 
12-21-2022-23-05-23.494,1, 0.0378802,0.033921,437401, SelfUp,2, 
12-21-2022-23-05-23.494,1, 0.0378802,0.037906,184866, SelfUp,3, 
12-21-2022-23-05-23.191,1, 0.3566684,0.045837,1170432, SelfUp,1, 
12-21-2022-23-05-23.083,1, 0.4647808,0.045837,1170432, SelfUp,1, 
12-21-2022-23-05-23.494,1, 0.0773278,0.035839,42742, SelfDown,0, 
12-21-2022-23-05-23.291,1, 0.2857719,0.045837,1170432, SelfUp,1, 
12-21-2022-23-05-23.494,1, 0.0827734,0.045837,1170432, SelfUp,1, 
12-21-2022-23-05-23.392,1, 0.1852154,0.045837,1170432, SelfUp,1, 
12-21-2022-23-05-23.494,1, 0.090397,0.033553,21760, SelfDown,2, 
12-21-2022-23-05-23.494,1, 0.0937531,0.033207,44369, SelfDown,1, 
12-21-2022-23-05-23.494,1, 0.104778,0.04013,1170432, SelfUp,0, 
12-21-2022-23-05-23.595,1, 0.0382725,0.039866,1170432, SelfUp,0, 
12-21-2022-23-05-23.595,1, 0.0382725,0.034937,307174, SelfUp,3, 
12-21-2022-23-05-23.494,1, 0.1528175,0.03689,14570, SelfDown,3, 
12-21-2022-23-05-23.595,1, 0.0813509,0.035661,457567, SelfUp,2, 
12-21-2022-23-05-23.595,1, 0.0941545,0.037316,1170432, SelfUp,1, 
12-21-2022-23-05-23.595,1, 0.1220203,0.036196,44394, SelfDown,1, 
12-21-2022-23-05-23.696,1, 0.0356993,0.036095,391496, SelfUp,3, 
12-21-2022-23-05-23.696,1, 0.0356993,0.036935,1170432, SelfUp,0, 
12-21-2022-23-05-23.696,1, 0.0366992,0.033233,1170432, SelfUp,1, 
12-21-2022-23-05-23.595,1, 0.1431259,0.035583,26257, SelfDown,2, 
12-21-2022-23-05-23.696,1, 0.0426411,0.03605,464355, SelfUp,2, 
12-21-2022-23-05-23.595,1, 0.1441724,0.037757,15092, SelfDown,3, 
12-21-2022-23-05-23.595,1, 0.1626299,0.0343,42784, SelfDown,0, 
12-21-2022-23-05-23.696,1, 0.0642582,0.033015,47204, SelfDown,1, 
12-21-2022-23-05-23.696,1, 0.0683947,0.0343,42784, SelfDown,0, 
12-21-2022-23-05-23.696,1, 0.0723045,0.032759,27330, SelfDown,2, 
12-21-2022-23-05-23.796,1, 0.0340516,0.029051,481433, SelfUp,2, 
12-21-2022-23-05-23.796,1, 0.0345735,0.032763,1170432, SelfUp,1, 
12-21-2022-23-05-23.796,1, 0.0496303,0.037039,1170432, SelfUp,0, 
12-21-2022-23-05-23.696,1, 0.2200571,0.035623,14564, SelfDown,3, 
12-21-2022-23-05-23.910,1, 0.0358528,0.037914,1170432, SelfUp,0, 
12-21-2022-23-05-23.796,1, 0.1647052,0.039494,30500, SelfDown,0, 
12-21-2022-23-05-23.910,1, 0.0725028,0.039494,30500, SelfDown,0, 
12-21-2022-23-05-23.796,1, 0.1909546,0.033367,15303, SelfDown,3, 
12-21-2022-23-05-23.796,1, 0.1930451,0.036441,36800, SelfDown,1, 
12-21-2022-23-05-23.796,1, 0.1930451,0.034463,19217, SelfDown,2, 
12-21-2022-23-05-23.910,1, 0.0790776,0.034463,19217, SelfDown,2, 
12-21-2022-23-05-23.910,1, 0.0827478,0.033367,15303, SelfDown,3, 
12-21-2022-23-05-23.910,1, 0.083338,0.0381,1170432, SelfUp,1, 
12-21-2022-23-05-23.910,1, 0.0947305,0.036441,36800, SelfDown,1, 
12-21-2022-23-05-23.796,1, 0.2385258,0.034446,349672, SelfUp,3, 
12-21-2022-23-05-23.910,1, 0.1250802,0.034446,349672, SelfUp,3, 
12-21-2022-23-05-23.910,1, 0.1406122,0.044644,497873, SelfUp,2, 
12-21-2022-23-05-24.010,1, 0.0413592,0.038882,38577, SelfDown,1, 
12-21-2022-23-05-24.010,1, 0.096183,0.035502,350186, SelfUp,3, 
12-21-2022-23-05-24.010,1, 0.1142677,0.039402,504109, SelfUp,2, 
12-21-2022-23-05-24.113,1, 0.0379657,0.035977,350700, SelfUp,3, 
12-21-2022-23-05-24.113,1, 0.0405768,0.039536,504113, SelfUp,2, 
12-21-2022-23-05-24.010,1, 0.1629267,0.036492,32062, SelfDown,0, 
12-21-2022-23-05-24.113,1, 0.0626281,0.03316,1170432, SelfUp,0, 
12-21-2022-23-05-24.010,1, 0.1653278,0.03316,1170432, SelfUp,0, 
12-21-2022-23-05-24.113,1, 0.1018827,0.03593,43052, SelfDown,1, 
12-21-2022-23-05-24.010,1, 0.2082207,0.032416,20075, SelfDown,3, 
12-21-2022-23-05-24.113,1, 0.1120108,0.027562,36635, SelfDown,0, 
12-21-2022-23-05-24.214,1, 0.0349015,0.032276,1170432, SelfUp,0, 
12-21-2022-23-05-24.214,1, 0.0349015,0.044397,519035, SelfUp,2, 
12-21-2022-23-05-24.214,1, 0.0356147,0.040867,351886, SelfUp,3, 
12-21-2022-23-05-24.010,1, 0.2435414,0.032591,25490, SelfDown,2, 
12-21-2022-23-05-24.113,1, 0.1408417,0.032591,25490, SelfDown,2, 
12-21-2022-23-05-24.010,1, 0.2739208,0.043752,1170432, SelfUp,1, 
12-21-2022-23-05-24.113,1, 0.1712211,0.043752,1170432, SelfUp,1, 
12-21-2022-23-05-24.214,1, 0.0703436,0.043752,1170432, SelfUp,1, 
12-21-2022-23-05-24.113,1, 0.2225238,0.034053,22027, SelfDown,3, 
12-21-2022-23-05-24.214,1, 0.123155,0.035398,44030, SelfDown,1, 
12-21-2022-23-05-24.315,1, 0.0398694,0.037608,1170432, SelfUp,0, 
12-21-2022-23-05-24.315,1, 0.0398694,0.035586,536648, SelfUp,2, 
12-21-2022-23-05-24.315,1, 0.0404412,0.038521,353645, SelfUp,3, 
12-21-2022-23-05-24.315,1, 0.0404412,0.042695,1170432, SelfUp,1, 
12-21-2022-23-05-24.214,1, 0.1504707,0.034211,27225, SelfDown,2, 
12-21-2022-23-05-24.214,1, 0.1548314,0.03676,36658, SelfDown,0, 
12-21-2022-23-05-24.315,1, 0.1114562,0.036016,37725, SelfDown,0, 
12-21-2022-23-05-24.315,1, 0.1119831,0.035162,28251, SelfDown,2, 
12-21-2022-23-05-24.416,1, 0.0371236,0.035714,549084, SelfUp,2, 
12-21-2022-23-05-24.315,1, 0.1434608,0.033842,48683, SelfDown,1, 
12-21-2022-23-05-24.214,1, 0.2768884,0.034766,25381, SelfDown,3, 
12-21-2022-23-05-24.315,1, 0.1758103,0.034766,25381, SelfDown,3, 
12-21-2022-23-05-24.416,1, 0.0839242,0.036805,356075, SelfUp,3, 
12-21-2022-23-05-24.416,1, 0.0892953,0.036342,1170432, SelfUp,0, 
12-21-2022-23-05-24.416,1, 0.0892953,0.03709,1170432, SelfUp,1, 
12-21-2022-23-05-24.416,1, 0.111543,0.032259,51120, SelfDown,1, 
12-21-2022-23-05-24.416,1, 0.1207849,0.033099,40712, SelfDown,0, 
12-21-2022-23-05-24.523,1, 0.0339227,0.035371,563346, SelfUp,2, 
12-21-2022-23-05-24.523,1, 0.0339227,0.037446,1170432, SelfUp,0, 
12-21-2022-23-05-24.523,1, 0.0339227,0.033471,357225, SelfUp,3, 
12-21-2022-23-05-24.523,1, 0.0339227,0.038434,1170432, SelfUp,1, 
12-21-2022-23-05-24.416,1, 0.1636133,0.034396,28067, SelfDown,3, 
12-21-2022-23-05-24.523,1, 0.0559468,0.035188,42351, SelfDown,0, 
12-21-2022-23-05-24.523,1, 0.0969578,0.034106,52651, SelfDown,1, 
12-21-2022-23-05-24.416,1, 0.2369838,0.034226,31593, SelfDown,2, 
12-21-2022-23-05-24.523,1, 0.1298887,0.034226,31593, SelfDown,2, 
12-21-2022-23-05-24.523,1, 0.1303928,0.034396,28067, SelfDown,3, 
12-21-2022-23-05-24.624,1, 0.0360773,0.038019,1170432, SelfUp,0, 
12-21-2022-23-05-24.624,1, 0.037108,0.034204,359298, SelfUp,3, 
12-21-2022-23-05-24.624,1, 0.0449108,0.037406,575006, SelfUp,2, 
12-21-2022-23-05-24.624,1, 0.0772824,0.036958,53042, SelfDown,1, 
12-21-2022-23-05-24.624,1, 0.0997268,0.035246,1170432, SelfUp,1, 
12-21-2022-23-05-24.724,1, 0.0376642,0.036741,362395, SelfUp,3, 
12-21-2022-23-05-24.724,1, 0.0376642,0.035789,1170432, SelfUp,0, 
12-21-2022-23-05-24.724,1, 0.0383467,0.035674,1170432, SelfUp,1, 
12-21-2022-23-05-24.624,1, 0.1616667,0.036013,30871, SelfDown,3, 
12-21-2022-23-05-24.416,1, 0.1629514,0.036937,65520, SelfUp,4, 
12-21-2022-23-05-24.523,1, 0.1629514,0.036937,65520, SelfUp,4, 
12-21-2022-23-05-24.315,1, 0.1629514,0.036937,65520, SelfUp,4, 
12-21-2022-23-05-24.624,1, 0.1629514,0.036937,65520, SelfUp,4, 
12-21-2022-23-05-24.724,1, 0.0656877,0.036937,65520, SelfUp,4, 
12-21-2022-23-05-24.724,1, 0.0681963,0.035936,584309, SelfUp,2, 
12-21-2022-23-05-24.624,1, 0.1713498,0.035497,35403, SelfDown,2, 
12-21-2022-23-05-24.624,1, 0.1815366,0.034279,46109, SelfDown,0, 
12-21-2022-23-05-24.724,1, 0.0929481,0.032603,58298, SelfDown,1, 
12-21-2022-23-05-24.724,1, 0.095348,0.034279,46109, SelfDown,0, 
12-21-2022-23-05-24.724,1, 0.1155087,0.030337,40536, SelfDown,2, 
12-21-2022-23-05-24.724,1, 0.1400762,0.034641,33764, SelfDown,3, 
12-21-2022-23-05-24.824,1, 0.045075,0.040238,1170432, SelfUp,1, 
12-21-2022-23-05-24.824,1, 0.0481088,0.039064,365064, SelfUp,3, 
12-21-2022-23-05-24.824,1, 0.051794,0.039668,590331, SelfUp,2, 
12-21-2022-23-05-24.824,1, 0.0561556,0.041604,133039, SelfUp,4, 
12-21-2022-23-05-24.824,1, 0.0693819,0.039584,62024, SelfDown,1, 
12-21-2022-23-05-24.824,1, 0.083896,0.03663,50622, SelfDown,0, 
12-21-2022-23-05-24.824,1, 0.1047299,0.035212,1170432, SelfUp,0, 
12-21-2022-23-05-24.924,1, 0.0389313,0.035631,1170432, SelfUp,0, 
12-21-2022-23-05-24.824,1, 0.1707769,0.036049,40544, SelfDown,2, 
12-21-2022-23-05-24.924,1, 0.0942368,0.040498,594737, SelfUp,2, 
12-21-2022-23-05-24.924,1, 0.095894,0.038514,261523, SelfUp,4, 
12-21-2022-23-05-24.824,1, 0.2215018,0.036364,36279, SelfDown,3, 
12-21-2022-23-05-24.924,1, 0.1216024,0.035536,40970, SelfDown,2, 
12-21-2022-23-05-24.924,1, 0.1243598,0.036443,50654, SelfDown,0, 
12-21-2022-23-05-25.031,1, 0.0331222,0.035602,601002, SelfUp,2, 
12-21-2022-23-05-25.031,1, 0.0331222,0.03536,1170432, SelfUp,0, 
12-21-2022-23-05-25.031,1, 0.0331222,0.038315,309415, SelfUp,4, 
12-21-2022-23-05-25.031,1, 0.0358814,0.045449,1170432, SelfUp,1, 
12-21-2022-23-05-24.924,1, 0.1424709,0.045449,1170432, SelfUp,1, 
12-21-2022-23-05-24.924,1, 0.1483396,0.034279,38595, SelfDown,3, 
12-21-2022-23-05-24.924,1, 0.1500749,0.030625,65564, SelfDown,1, 
12-21-2022-23-05-25.031,1, 0.0466998,0.030625,65564, SelfDown,1, 
12-21-2022-23-05-25.031,1, 0.0497693,0.028259,58149, SelfDown,0, 
12-21-2022-23-05-25.031,1, 0.0863684,0.030544,47414, SelfDown,2, 
12-21-2022-23-05-25.131,1, 0.0522908,0.036226,451752, SelfUp,4, 
12-21-2022-23-05-25.131,1, 0.0556389,0.030764,1170432, SelfUp,0, 
12-21-2022-23-05-25.131,1, 0.0705753,0.031566,612692, SelfUp,2, 
12-21-2022-23-05-24.924,1, 0.3131842,0.039663,367897, SelfUp,3, 
12-21-2022-23-05-25.131,1, 0.1341993,0.029576,78204, SelfDown,1, 
12-21-2022-23-05-25.131,1, 0.1367188,0.034485,1170432, SelfUp,1, 
12-21-2022-23-05-25.232,1, 0.042656,0.033497,616380, SelfUp,2, 
12-21-2022-23-05-25.232,1, 0.0439344,0.038978,544482, SelfUp,4, 
12-21-2022-23-05-25.232,1, 0.0439344,0.038504,1170432, SelfUp,0, 
12-21-2022-23-05-25.031,1, 0.249099,0.039793,368146, SelfUp,3, 
12-21-2022-23-05-25.232,1, 0.0480633,0.039793,368146, SelfUp,3, 
12-21-2022-23-05-25.131,1, 0.1486122,0.039793,368146, SelfUp,3, 
12-21-2022-23-05-25.131,1, 0.1707452,0.037755,64658, SelfDown,0, 
12-21-2022-23-05-25.131,1, 0.1716894,0.033775,48562, SelfDown,2, 
12-21-2022-23-05-25.232,1, 0.0941305,0.035648,1170432, SelfUp,1, 
12-21-2022-23-05-25.031,1, 0.2963309,0.033189,44309, SelfDown,3, 
12-21-2022-23-05-25.131,1, 0.1963991,0.033189,44309, SelfDown,3, 
12-21-2022-23-05-25.232,1, 0.1020478,0.034973,64659, SelfDown,0, 
12-21-2022-23-05-25.232,1, 0.1048511,0.032701,78209, SelfDown,1, 
12-21-2022-23-05-25.232,1, 0.1057129,0.029733,52836, SelfDown,2, 
12-21-2022-23-05-25.232,1, 0.1085757,0.033189,44309, SelfDown,3, 
12-21-2022-23-05-25.332,1, 0.0324907,0.031919,629079, SelfUp,2, 
12-21-2022-23-05-25.332,1, 0.0336158,0.028749,66926, SelfDown,0, 
12-21-2022-23-05-25.332,1, 0.0338191,0.034086,371598, SelfUp,3, 
12-21-2022-23-05-24.624,1, 0.0833357,0.034197,6799, SelfDown,4, 
12-21-2022-23-05-25.031,1, 0.0833357,0.034197,6799, SelfDown,4, 
12-21-2022-23-05-24.315,1, 0.0833357,0.034197,6799, SelfDown,4, 
12-21-2022-23-05-24.924,1, 0.0833357,0.034197,6799, SelfDown,4, 
12-21-2022-23-05-25.131,1, 0.0833357,0.034197,6799, SelfDown,4, 
12-21-2022-23-05-25.232,1, 0.0833357,0.034197,6799, SelfDown,4, 
12-21-2022-23-05-25.332,1, 0.0364877,0.033318,592015, SelfUp,4, 
12-21-2022-23-05-24.724,1, 0.0833357,0.034197,6799, SelfDown,4, 
12-21-2022-23-05-25.332,1, 0.0364877,0.034372,1170432, SelfUp,0, 
12-21-2022-23-05-24.416,1, 0.0833357,0.034197,6799, SelfDown,4, 
12-21-2022-23-05-25.332,1, 0.0508363,0.033272,65520, SelfUp,5, 
12-21-2022-23-05-25.332,1, 0.0508363,0.035679,1170432, SelfUp,1, 
12-21-2022-23-05-24.523,1, 0.1448918,0.034825,6939, SelfDown,4, 
12-21-2022-23-05-24.824,1, 0.1448918,0.034825,6939, SelfDown,4, 
12-21-2022-23-05-25.332,1, 0.1149752,0.032249,37603, SelfDown,2, 
12-21-2022-23-05-25.332,1, 0.121555,0.032843,54936, SelfDown,1, 
12-21-2022-23-05-25.332,1, 0.1255507,0.035176,15375, SelfDown,5, 
12-21-2022-23-05-25.436,1, 0.0363751,0.035643,163787, SelfUp,5, 
12-21-2022-23-05-25.436,1, 0.0363751,0.035797,644293, SelfUp,2, 
12-21-2022-23-05-25.436,1, 0.039986,0.035331,1170432, SelfUp,1, 
12-21-2022-23-05-25.436,1, 0.0681414,0.036652,48530, SelfDown,0, 
12-21-2022-23-05-25.436,1, 0.071669,0.044186,1170432, SelfUp,0, 
12-21-2022-23-05-25.436,1, 0.0744486,0.03457,55532, SelfDown,1, 
12-21-2022-23-05-25.436,1, 0.0931845,0.035897,16112, SelfDown,5, 
12-21-2022-23-05-25.436,1, 0.0931845,0.03783,438238, SelfUp,4, 
12-21-2022-23-05-25.436,1, 0.0939032,0.037222,375789, SelfUp,3, 
12-21-2022-23-05-25.538,1, 0.0292288,0.035841,377055, SelfUp,3, 
12-21-2022-23-05-25.538,1, 0.0292489,0.0339,1170432, SelfUp,1, 
12-21-2022-23-05-25.538,1, 0.0292489,0.034313,321813, SelfUp,5, 
12-21-2022-23-05-25.332,1, 0.2441778,0.034592,7643, SelfDown,4, 
12-21-2022-23-05-25.538,1, 0.0417834,0.037031,438772, SelfUp,4, 
12-21-2022-23-05-25.538,1, 0.0450059,0.036456,655006, SelfUp,2, 
12-21-2022-23-05-25.436,1, 0.1509729,0.034447,38387, SelfDown,2, 
12-21-2022-23-05-25.436,1, 0.1509729,0.034592,7643, SelfDown,4, 
12-21-2022-23-05-25.332,1, 0.2541827,0.033479,33619, SelfDown,3, 
12-21-2022-23-05-25.436,1, 0.1509729,0.033479,33619, SelfDown,3, 
12-21-2022-23-05-25.538,1, 0.0650656,0.043718,1170432, SelfUp,0, 
12-21-2022-23-05-25.538,1, 0.0754613,0.035427,49503, SelfDown,0, 
12-21-2022-23-05-25.538,1, 0.0780801,0.032499,8763, SelfDown,4, 
12-21-2022-23-05-25.538,1, 0.0807554,0.028113,57292, SelfDown,1, 
12-21-2022-23-05-25.538,1, 0.0837842,0.032202,38638, SelfDown,2, 
12-21-2022-23-05-25.538,1, 0.152499,0.034696,38653, SelfDown,3, 
12-21-2022-23-05-25.538,1, 0.155137,0.03524,18426, SelfDown,5, 
12-21-2022-23-05-25.638,1, 0.07537,0.035485,381274, SelfUp,3, 
12-21-2022-23-05-25.638,1, 0.07537,0.032435,422122, SelfUp,5, 
12-21-2022-23-05-25.749,1, 0.0377163,0.036775,384527, SelfUp,3, 
12-21-2022-23-05-25.749,1, 0.0377163,0.036272,518451, SelfUp,5, 
12-21-2022-23-05-25.638,1, 0.1746791,0.036204,53047, SelfDown,0, 
12-21-2022-23-05-25.638,1, 0.1959842,0.035946,19303, SelfDown,5, 
12-21-2022-23-05-25.638,1, 0.2086859,0.034238,46394, SelfDown,2, 
12-21-2022-23-05-25.638,1, 0.2096942,0.036755,59016, SelfDown,1, 
12-21-2022-23-05-25.749,1, 0.1018723,0.036755,59016, SelfDown,1, 
12-21-2022-23-05-25.638,1, 0.2134511,0.035434,11217, SelfDown,4, 
12-21-2022-23-05-25.638,1, 0.2170613,0.036083,41409, SelfDown,3, 
12-21-2022-23-05-25.749,1, 0.1081636,0.027823,57825, SelfDown,0, 
12-21-2022-23-05-25.749,1, 0.1091766,0.035434,11217, SelfDown,4, 
12-21-2022-23-05-25.749,1, 0.1103812,0.035946,19303, SelfDown,5, 
12-21-2022-23-05-25.749,1, 0.1121479,0.034238,46394, SelfDown,2, 
12-21-2022-23-05-25.749,1, 0.1351724,0.036083,41409, SelfDown,3, 
12-21-2022-23-05-25.849,1, 0.0366182,0.025173,60529, SelfDown,0, 
12-21-2022-23-05-25.849,1, 0.0375666,0.037332,386755, SelfUp,3, 
12-21-2022-23-05-25.849,1, 0.0828269,0.035617,65125, SelfDown,1, 
12-21-2022-23-05-25.849,1, 0.1252335,0.041381,622514, SelfUp,5, 
12-21-2022-23-05-25.638,1, 0.388216,0.04426,440135, SelfUp,4, 
12-21-2022-23-05-25.849,1, 0.1865967,0.03711,14231, SelfDown,4, 
12-21-2022-23-05-25.950,1, 0.0990202,0.041181,634162, SelfUp,5, 
12-21-2022-23-05-25.950,1, 0.1049318,0.037241,390681, SelfUp,3, 
12-21-2022-23-05-25.749,1, 0.3091603,0.04426,440135, SelfUp,4, 
12-21-2022-23-05-25.849,1, 0.2090452,0.04426,440135, SelfUp,4, 
12-21-2022-23-05-25.950,1, 0.1084039,0.04426,440135, SelfUp,4, 
12-21-2022-23-05-25.950,1, 0.1160181,0.036748,67009, SelfDown,1, 
12-21-2022-23-05-25.950,1, 0.1160181,0.034177,15631, SelfDown,4, 
12-21-2022-23-05-25.849,1, 0.2179121,0.035963,22457, SelfDown,5, 
12-21-2022-23-05-25.849,1, 0.2198075,0.037043,44532, SelfDown,3, 
12-21-2022-23-05-25.950,1, 0.1196692,0.034929,60547, SelfDown,0, 
12-21-2022-23-05-25.950,1, 0.1202279,0.035963,22457, SelfDown,5, 
12-21-2022-23-05-25.849,1, 0.2213731,0.036653,49087, SelfDown,2, 
12-21-2022-23-05-25.950,1, 0.1317146,0.036653,49087, SelfDown,2, 
12-21-2022-23-05-26.055,1, 0.0399333,0.033745,61729, SelfDown,0, 
12-21-2022-23-05-26.055,1, 0.0412099,0.040356,685217, SelfUp,5, 
12-21-2022-23-05-26.055,1, 0.0446649,0.038713,392181, SelfUp,3, 
12-21-2022-23-05-26.055,1, 0.0480333,0.04163,440963, SelfUp,4, 
12-21-2022-23-05-26.055,1, 0.1358533,0.037134,19378, SelfDown,4, 
12-21-2022-23-05-26.159,1, 0.0362586,0.037698,737024, SelfUp,5, 
12-21-2022-23-05-26.159,1, 0.0405639,0.037711,394174, SelfUp,3, 
12-21-2022-23-05-26.055,1, 0.1548723,0.038019,52393, SelfDown,2, 
12-21-2022-23-05-26.055,1, 0.1658893,0.038455,17343, SelfDown,5, 
12-21-2022-23-05-26.055,1, 0.1660683,0.043185,47914, SelfDown,1, 
12-21-2022-23-05-26.159,1, 0.0660426,0.041625,442049, SelfUp,4, 
12-21-2022-23-05-26.159,1, 0.0660426,0.035787,19975, SelfDown,4, 
12-21-2022-23-05-25.950,1, 0.2755352,0.038769,32450, SelfDown,3, 
12-21-2022-23-05-26.055,1, 0.1700937,0.038769,32450, SelfDown,3, 
12-21-2022-23-05-26.159,1, 0.0690965,0.036568,43227, SelfDown,0, 
12-21-2022-23-05-26.159,1, 0.128178,0.038295,47923, SelfDown,1, 
12-21-2022-23-05-26.260,1, 0.0323962,0.034531,738048, SelfUp,5, 
12-21-2022-23-05-26.260,1, 0.0365842,0.037583,397109, SelfUp,3, 
12-21-2022-23-05-26.260,1, 0.0376902,0.040761,443000, SelfUp,4, 
12-21-2022-23-05-26.159,1, 0.231879,0.037226,19454, SelfDown,5, 
12-21-2022-23-05-26.159,1, 0.232757,0.036705,55119, SelfDown,2, 
12-21-2022-23-05-26.362,1, 0.0327816,0.034993,738048, SelfUp,5, 
12-21-2022-23-05-26.260,1, 0.135788,0.033351,47937, SelfDown,1, 
12-21-2022-23-05-26.260,1, 0.1375349,0.036134,22709, SelfDown,4, 
12-21-2022-23-05-26.260,1, 0.1402794,0.036643,21540, SelfDown,5, 
12-21-2022-23-05-26.362,1, 0.0377842,0.0355,400760, SelfUp,3, 
12-21-2022-23-05-26.362,1, 0.0403186,0.037023,445176, SelfUp,4, 
12-21-2022-23-05-26.260,1, 0.1445096,0.036184,57220, SelfDown,2, 
12-21-2022-23-05-26.159,1, 0.245763,0.037923,32455, SelfDown,3, 
12-21-2022-23-05-26.362,1, 0.0447379,0.033412,47938, SelfDown,1, 
12-21-2022-23-05-26.260,1, 0.1608711,0.035899,43257, SelfDown,0, 
12-21-2022-23-05-26.362,1, 0.0593752,0.035899,43257, SelfDown,0, 
12-21-2022-23-05-26.362,1, 0.0668898,0.027598,25509, SelfDown,4, 
12-21-2022-23-05-25.638,1, 0.7916354,0.037501,1170432, SelfUp,1, 
12-21-2022-23-05-25.638,1, 0.8079188,0.039762,667500, SelfUp,2, 
12-21-2022-23-05-25.749,1, 0.7293471,0.039762,667500, SelfUp,2, 
12-21-2022-23-05-25.849,1, 0.629232,0.039762,667500, SelfUp,2, 
12-21-2022-23-05-26.159,1, 0.3199289,0.039762,667500, SelfUp,2, 
12-21-2022-23-05-26.362,1, 0.1161803,0.039762,667500, SelfUp,2, 
12-21-2022-23-05-26.260,1, 0.2186755,0.039762,667500, SelfUp,2, 
12-21-2022-23-05-26.055,1, 0.4236589,0.039762,667500, SelfUp,2, 
12-21-2022-23-05-25.950,1, 0.5285907,0.039762,667500, SelfUp,2, 
12-21-2022-23-05-25.749,1, 0.7608697,0.038327,1170432, SelfUp,1, 
12-21-2022-23-05-25.849,1, 0.6607546,0.038327,1170432, SelfUp,1, 
12-21-2022-23-05-25.950,1, 0.5601133,0.038327,1170432, SelfUp,1, 
12-21-2022-23-05-26.055,1, 0.4551815,0.038327,1170432, SelfUp,1, 
12-21-2022-23-05-26.362,1, 0.1477029,0.038327,1170432, SelfUp,1, 
12-21-2022-23-05-26.260,1, 0.2501981,0.038327,1170432, SelfUp,1, 
12-21-2022-23-05-26.159,1, 0.3514515,0.038327,1170432, SelfUp,1, 
12-21-2022-23-05-26.467,1, 0.0439663,0.040496,670166, SelfUp,2, 
12-21-2022-23-05-26.467,1, 0.0457518,0.034975,404747, SelfUp,3, 
12-21-2022-23-05-26.467,1, 0.0471157,0.036457,738048, SelfUp,5, 
12-21-2022-23-05-26.260,1, 0.2826767,0.036074,34735, SelfDown,3, 
12-21-2022-23-05-26.467,1, 0.0775277,0.037807,1170432, SelfUp,1, 
12-21-2022-23-05-26.362,1, 0.1938332,0.035926,24535, SelfDown,5, 
12-21-2022-23-05-26.570,1, 0.0315739,0.036336,679657, SelfUp,2, 
12-21-2022-23-05-26.570,1, 0.0315739,0.036567,1170432, SelfUp,1, 
12-21-2022-23-05-26.570,1, 0.0315739,0.036284,407061, SelfUp,3, 
12-21-2022-23-05-26.468,1, 0.1419884,0.035711,25996, SelfDown,5, 
12-21-2022-23-05-26.362,1, 0.2480461,0.034868,62126, SelfDown,2, 
12-21-2022-23-05-26.468,1, 0.1434996,0.033519,27333, SelfDown,4, 
12-21-2022-23-05-26.362,1, 0.2519933,0.035907,36544, SelfDown,3, 
12-21-2022-23-05-26.467,1, 0.1475007,0.039018,48007, SelfDown,1, 
12-21-2022-23-05-26.467,1, 0.1514813,0.036778,45448, SelfDown,0, 
12-21-2022-23-05-26.570,1, 0.0545077,0.039018,48007, SelfDown,1, 
12-21-2022-23-05-26.570,1, 0.0589277,0.039053,738048, SelfUp,5, 
12-21-2022-23-05-26.467,1, 0.161266,0.032395,447958, SelfUp,4, 
12-21-2022-23-05-26.570,1, 0.0589277,0.032395,447958, SelfUp,4, 
12-21-2022-23-05-26.570,1, 0.0594308,0.033519,27333, SelfDown,4, 
12-21-2022-23-05-26.467,1, 0.1627743,0.034868,62126, SelfDown,2, 
12-21-2022-23-05-26.570,1, 0.061062,0.036778,45448, SelfDown,0, 
12-21-2022-23-05-26.570,1, 0.0786082,0.033489,64396, SelfDown,2, 
12-21-2022-23-05-26.570,1, 0.0846088,0.032336,27541, SelfDown,5, 
12-21-2022-23-05-26.682,1, 0.0351123,0.040322,738048, SelfUp,5, 
12-21-2022-23-05-26.682,1, 0.0532031,0.043242,451302, SelfUp,4, 
12-21-2022-23-05-26.468,1, 0.2739941,0.037187,39005, SelfDown,3, 
12-21-2022-23-05-26.682,1, 0.0620473,0.039422,688789, SelfUp,2, 
12-21-2022-23-05-26.682,1, 0.0620473,0.035755,1170432, SelfUp,1, 
12-21-2022-23-05-26.682,1, 0.0640481,0.037789,408673, SelfUp,3, 
12-21-2022-23-05-26.570,1, 0.2046536,0.037187,39005, SelfDown,3, 
12-21-2022-23-05-26.682,1, 0.0941437,0.035794,64854, SelfDown,2, 
12-21-2022-23-05-26.682,1, 0.0951857,0.036138,31220, SelfDown,4, 
12-21-2022-23-05-26.682,1, 0.0958345,0.036593,29132, SelfDown,5, 
12-21-2022-23-05-26.682,1, 0.0998552,0.035328,49130, SelfDown,0, 
12-21-2022-23-05-26.682,1, 0.1411722,0.039481,36307, SelfDown,1, 
12-21-2022-23-05-26.783,1, 0.0422486,0.03839,1170432, SelfUp,1, 
12-21-2022-23-05-26.783,1, 0.0422486,0.039869,410077, SelfUp,3, 
12-21-2022-23-05-26.783,1, 0.0744208,0.043145,451596, SelfUp,4, 
12-21-2022-23-05-26.783,1, 0.0854729,0.039832,738048, SelfUp,5, 
12-21-2022-23-05-26.783,1, 0.0854729,0.037603,695701, SelfUp,2, 
12-21-2022-23-05-26.884,1, 0.0261404,0.038384,1170432, SelfUp,1, 
12-21-2022-23-05-26.884,1, 0.0282082,0.037403,738048, SelfUp,5, 
12-21-2022-23-05-26.884,1, 0.044387,0.043563,452207, SelfUp,4, 
12-21-2022-23-05-26.884,1, 0.046805,0.038514,699706, SelfUp,2, 
12-21-2022-23-05-26.783,1, 0.150384,0.037176,25416, SelfDown,1, 
12-21-2022-23-05-26.783,1, 0.151229,0.032853,34514, SelfDown,4, 
12-21-2022-23-05-26.783,1, 0.1642262,0.034329,53278, SelfDown,0, 
12-21-2022-23-05-26.682,1, 0.2684627,0.037585,43191, SelfDown,3, 
12-21-2022-23-05-26.884,1, 0.0710691,0.040092,411254, SelfUp,3, 
12-21-2022-23-05-26.783,1, 0.19147,0.034564,33944, SelfDown,5, 
12-21-2022-23-05-26.884,1, 0.0920532,0.034788,35564, SelfDown,4, 
12-21-2022-23-05-26.884,1, 0.0965636,0.033297,25427, SelfDown,1, 
12-21-2022-23-05-26.783,1, 0.2264655,0.033421,72563, SelfDown,2, 
12-21-2022-23-05-26.884,1, 0.1265933,0.033579,35541, SelfDown,5, 
12-21-2022-23-05-26.884,1, 0.1283647,0.036895,54208, SelfDown,0, 
12-21-2022-23-05-26.988,1, 0.0401067,0.034967,1170432, SelfUp,1, 
12-21-2022-23-05-26.988,1, 0.0401067,0.040884,412445, SelfUp,3, 
12-21-2022-23-05-26.884,1, 0.1492213,0.034221,72564, SelfDown,2, 
12-21-2022-23-05-26.988,1, 0.0718839,0.041143,453440, SelfUp,4, 
12-21-2022-23-05-26.988,1, 0.0718839,0.037592,738048, SelfUp,5, 
12-21-2022-23-05-26.988,1, 0.077722,0.039339,712548, SelfUp,2, 
12-21-2022-23-05-27.096,1, 0.027323,0.034807,1170432, SelfUp,1, 
12-21-2022-23-05-27.096,1, 0.027323,0.036528,738048, SelfUp,5, 
12-21-2022-23-05-27.096,1, 0.0294645,0.03756,716919, SelfUp,2, 
12-21-2022-23-05-27.096,1, 0.02997,0.037766,454413, SelfUp,4, 
12-21-2022-23-05-26.988,1, 0.1429267,0.035466,26376, SelfDown,1, 
12-21-2022-23-05-26.988,1, 0.1474294,0.030958,59446, SelfDown,0, 
12-21-2022-23-05-27.096,1, 0.0415176,0.035466,26376, SelfDown,1, 
12-21-2022-23-05-26.884,1, 0.2603354,0.035773,47685, SelfDown,3, 
12-21-2022-23-05-26.988,1, 0.1563162,0.033395,38088, SelfDown,4, 
12-21-2022-23-05-26.783,1, 0.3615415,0.035773,47685, SelfDown,3, 
12-21-2022-23-05-26.988,1, 0.1604122,0.033555,38111, SelfDown,5, 
12-21-2022-23-05-26.988,1, 0.1609161,0.032515,76560, SelfDown,2, 
12-21-2022-23-05-27.096,1, 0.0569463,0.030958,59446, SelfDown,0, 
12-21-2022-23-05-27.096,1, 0.0569463,0.038062,413629, SelfUp,3, 
12-21-2022-23-05-27.096,1, 0.058114,0.033555,38111, SelfDown,5, 
12-21-2022-23-05-26.988,1, 0.1716943,0.035773,47685, SelfDown,3, 
12-21-2022-23-05-27.096,1, 0.0644935,0.033395,38088, SelfDown,4, 
12-21-2022-23-05-27.201,1, 0.0330522,0.033289,724873, SelfUp,2, 
12-21-2022-23-05-27.201,1, 0.0343076,0.032796,1170432, SelfUp,1, 
12-21-2022-23-05-27.096,1, 0.1451457,0.035959,49699, SelfDown,3, 
12-21-2022-23-05-27.201,1, 0.0801951,0.034045,458241, SelfUp,4, 
12-21-2022-23-05-27.096,1, 0.2086677,0.035439,77625, SelfDown,2, 
12-21-2022-23-05-27.201,1, 0.1232966,0.034313,30514, SelfDown,1, 
12-21-2022-23-05-27.302,1, 0.023469,0.048169,732360, SelfUp,2, 
12-21-2022-23-05-27.302,1, 0.0382793,0.034847,459563, SelfUp,4, 
12-21-2022-23-05-27.302,1, 0.064306,0.037108,1170432, SelfUp,1, 
12-21-2022-23-05-27.302,1, 0.100043,0.036475,31824, SelfDown,1, 
12-21-2022-23-05-27.201,1, 0.2081543,0.03498,78780, SelfDown,2, 
12-21-2022-23-05-26.362,1, 0.1124572,0.039877,6762, SelfDown,6, 
12-21-2022-23-05-27.302,1, 0.1124572,0.039877,6762, SelfDown,6, 
12-21-2022-23-05-26.682,1, 0.1124572,0.039877,6762, SelfDown,6, 
12-21-2022-23-05-26.988,1, 0.1124572,0.039877,6762, SelfDown,6, 
12-21-2022-23-05-26.467,1, 0.1124572,0.039877,6762, SelfDown,6, 
12-21-2022-23-05-26.884,1, 0.1124572,0.039877,6762, SelfDown,6, 
12-21-2022-23-05-27.201,1, 0.2211319,0.036024,42572, SelfDown,4, 
12-21-2022-23-05-27.302,1, 0.1209384,0.036024,42572, SelfDown,4, 
12-21-2022-23-05-27.201,1, 0.2211319,0.035385,41391, SelfDown,5, 
12-21-2022-23-05-27.302,1, 0.1235893,0.035385,41391, SelfDown,5, 
12-21-2022-23-05-27.402,1, 0.0383117,0.037124,737792, SelfUp,2, 
12-21-2022-23-05-27.201,1, 0.2505386,0.038991,60373, SelfDown,0, 
12-21-2022-23-05-27.302,1, 0.1503451,0.038991,60373, SelfDown,0, 
12-21-2022-23-05-27.402,1, 0.0828582,0.039602,114132, SelfUp,7, 
12-21-2022-23-05-27.201,1, 0.2998092,0.048957,414852, SelfUp,3, 
12-21-2022-23-05-27.201,1, 0.3008106,0.047962,738048, SelfUp,5, 
12-21-2022-23-05-26.570,1, 0.1991303,0.038283,6939, SelfDown,6, 
12-21-2022-23-05-27.201,1, 0.1991303,0.038283,6939, SelfDown,6, 
12-21-2022-23-05-26.783,1, 0.1991303,0.038283,6939, SelfDown,6, 
12-21-2022-23-05-27.096,1, 0.1991303,0.038283,6939, SelfDown,6, 
12-21-2022-23-05-27.302,1, 0.2089616,0.03375,83483, SelfDown,2, 
12-21-2022-23-05-27.402,1, 0.1089186,0.032168,47315, SelfDown,5, 
12-21-2022-23-05-27.201,1, 0.3136343,0.036485,53850, SelfDown,3, 
12-21-2022-23-05-27.302,1, 0.2134408,0.036485,53850, SelfDown,3, 
12-21-2022-23-05-27.402,1, 0.1152259,0.03234,35823, SelfDown,1, 
12-21-2022-23-05-27.402,1, 0.1157311,0.033655,45339, SelfDown,4, 
12-21-2022-23-05-27.402,1, 0.1345298,0.047156,415105, SelfUp,3, 
12-21-2022-23-05-27.302,1, 0.2345728,0.047156,415105, SelfUp,3, 
12-21-2022-23-05-27.302,1, 0.2363192,0.047962,738048, SelfUp,5, 
12-21-2022-23-05-27.402,1, 0.1362762,0.047962,738048, SelfUp,5, 
12-21-2022-23-05-27.502,1, 0.0357021,0.040174,416848, SelfUp,3, 
12-21-2022-23-05-27.502,1, 0.0372192,0.036321,163511, SelfUp,7, 
12-21-2022-23-05-27.502,1, 0.0387312,0.043043,738048, SelfUp,5, 
12-21-2022-23-05-27.402,1, 0.1667594,0.035136,66230, SelfDown,0, 
12-21-2022-23-05-27.502,1, 0.0736569,0.034995,737792, SelfUp,2, 
12-21-2022-23-05-27.402,1, 0.174231,0.034799,1170432, SelfUp,1, 
12-21-2022-23-05-27.502,1, 0.0736569,0.034799,1170432, SelfUp,1, 
12-21-2022-23-05-27.402,1, 0.1919118,0.034472,83485, SelfDown,2, 
12-21-2022-23-05-27.502,1, 0.0931591,0.036376,36170, SelfDown,1, 
12-21-2022-23-05-27.402,1, 0.2094554,0.036898,55769, SelfDown,3, 
12-21-2022-23-05-27.402,1, 0.2131821,0.038518,7536, SelfDown,6, 
12-21-2022-23-05-27.502,1, 0.1193372,0.038717,66236, SelfDown,0, 
12-21-2022-23-05-27.602,1, 0.0395408,0.041778,1170432, SelfUp,1, 
12-21-2022-23-05-27.602,1, 0.0395408,0.044563,738048, SelfUp,5, 
12-21-2022-23-05-27.402,1, 0.2412966,0.038884,15869, SelfDown,7, 
12-21-2022-23-05-27.502,1, 0.1445341,0.037205,47443, SelfDown,4, 
12-21-2022-23-05-27.502,1, 0.1446016,0.034373,48680, SelfDown,5, 
12-21-2022-23-05-27.602,1, 0.0699122,0.039853,418556, SelfUp,3, 
12-21-2022-23-05-27.602,1, 0.0884939,0.035573,68315, SelfDown,0, 
12-21-2022-23-05-27.503,1, 0.207485,0.036574,8483, SelfDown,6, 
12-21-2022-23-05-27.602,1, 0.1083925,0.036574,8483, SelfDown,6, 
12-21-2022-23-05-27.502,1, 0.2256317,0.036748,16149, SelfDown,7, 
12-21-2022-23-05-27.602,1, 0.1273261,0.036748,16149, SelfDown,7, 
12-21-2022-23-05-27.706,1, 0.0551198,0.036546,738048, SelfUp,5, 
12-21-2022-23-05-27.602,1, 0.1585047,0.049807,232919, SelfUp,7, 
12-21-2022-23-05-27.602,1, 0.1655053,0.035628,50840, SelfDown,4, 
12-21-2022-23-05-27.602,1, 0.1655053,0.032899,52467, SelfDown,5, 
12-21-2022-23-05-27.502,1, 0.2666866,0.035164,84480, SelfDown,2, 
12-21-2022-23-05-27.602,1, 0.1845145,0.034579,27082, SelfDown,1, 
12-21-2022-23-05-27.706,1, 0.0820538,0.034579,27082, SelfDown,1, 
12-21-2022-23-05-27.706,1, 0.1109127,0.040111,17446, SelfDown,7, 
12-21-2022-23-05-27.706,1, 0.1129965,0.036481,1170432, SelfUp,1, 
12-21-2022-23-05-27.402,1, 0.418679,0.049235,461624, SelfUp,4, 
12-21-2022-23-05-27.502,1, 0.3181049,0.049235,461624, SelfUp,4, 
12-21-2022-23-05-27.813,1, 0.0297045,0.043599,738048, SelfUp,5, 
12-21-2022-23-05-27.706,1, 0.1382968,0.048536,293943, SelfUp,7, 
12-21-2022-23-05-27.813,1, 0.0308035,0.048536,293943, SelfUp,7, 
12-21-2022-23-05-27.813,1, 0.0370033,0.036516,1170432, SelfUp,1, 
12-21-2022-23-05-27.602,1, 0.251931,0.045208,462376, SelfUp,4, 
12-21-2022-23-05-27.706,1, 0.1485461,0.045208,462376, SelfUp,4, 
12-21-2022-23-05-27.813,1, 0.0410528,0.045208,462376, SelfUp,4, 
12-21-2022-23-05-27.706,1, 0.1712453,0.036173,9467, SelfDown,6, 
12-21-2022-23-05-27.503,1, 0.3752254,0.03623,61754, SelfDown,3, 
12-21-2022-23-05-27.602,1, 0.2756294,0.03623,61754, SelfDown,3, 
12-21-2022-23-05-27.602,1, 0.2756294,0.036017,86631, SelfDown,2, 
12-21-2022-23-05-27.706,1, 0.173245,0.034439,53004, SelfDown,5, 
12-21-2022-23-05-27.706,1, 0.1752462,0.037683,51787, SelfDown,4, 
12-21-2022-23-05-27.813,1, 0.0687534,0.034788,29349, SelfDown,1, 
12-21-2022-23-05-27.706,1, 0.1792444,0.038331,77540, SelfDown,0, 
12-21-2022-23-05-27.706,1, 0.1802452,0.036017,86631, SelfDown,2, 
12-21-2022-23-05-27.813,1, 0.0747532,0.035128,420728, SelfUp,3, 
12-21-2022-23-05-27.706,1, 0.1822465,0.035128,420728, SelfUp,3, 
12-21-2022-23-05-27.813,1, 0.0757532,0.034439,53004, SelfDown,5, 
12-21-2022-23-05-27.813,1, 0.0757532,0.038276,18463, SelfDown,7, 
12-21-2022-23-05-27.813,1, 0.0797507,0.037683,51787, SelfDown,4, 
12-21-2022-23-05-27.602,1, 0.3288888,0.041745,737792, SelfUp,2, 
12-21-2022-23-05-27.914,1, 0.0336813,0.038276,738048, SelfUp,5, 
12-21-2022-23-05-27.914,1, 0.0346829,0.040464,395802, SelfUp,7, 
12-21-2022-23-05-27.914,1, 0.0405622,0.038366,1170432, SelfUp,1, 
12-21-2022-23-05-27.706,1, 0.258906,0.040788,737792, SelfUp,2, 
12-21-2022-23-05-27.813,1, 0.1524101,0.040788,737792, SelfUp,2, 
12-21-2022-23-05-27.914,1, 0.0516592,0.040788,737792, SelfUp,2, 
12-21-2022-23-05-27.813,1, 0.1865332,0.038677,87552, SelfDown,2, 
12-21-2022-23-05-27.914,1, 0.0924088,0.037202,421698, SelfUp,3, 
12-21-2022-23-05-27.914,1, 0.0970957,0.038286,471063, SelfUp,4, 
12-21-2022-23-05-27.813,1, 0.1991862,0.041287,77564, SelfDown,0, 
12-21-2022-23-05-27.706,1, 0.3224106,0.037334,63818, SelfDown,3, 
12-21-2022-23-05-27.914,1, 0.1214519,0.038029,22560, SelfDown,7, 
12-21-2022-23-05-28.014,1, 0.0461909,0.039925,1170432, SelfUp,1, 
12-21-2022-23-05-28.014,1, 0.0461909,0.037754,737792, SelfUp,2, 
12-21-2022-23-05-28.014,1, 0.0461909,0.038365,536322, SelfUp,7, 
12-21-2022-23-05-28.014,1, 0.0467063,0.037217,738048, SelfUp,5, 
12-21-2022-23-05-27.813,1, 0.2522254,0.039094,63819, SelfDown,3, 
12-21-2022-23-05-28.014,1, 0.0547003,0.042065,473189, SelfUp,4, 
12-21-2022-23-05-27.914,1, 0.2003659,0.038435,9071, SelfDown,6, 
12-21-2022-23-05-27.813,1, 0.3011168,0.038435,9071, SelfDown,6, 
12-21-2022-23-05-28.114,1, 0.0358667,0.042358,476333, SelfUp,4, 
12-21-2022-23-05-27.914,1, 0.2760101,0.038084,56168, SelfDown,4, 
12-21-2022-23-05-27.914,1, 0.2798481,0.038609,21950, SelfDown,1, 
12-21-2022-23-05-27.914,1, 0.2995294,0.040582,77580, SelfDown,0, 
12-21-2022-23-05-28.014,1, 0.2002472,0.040582,77580, SelfDown,0, 
12-21-2022-23-05-28.014,1, 0.2026229,0.040075,30964, SelfDown,7, 
12-21-2022-23-05-27.914,1, 0.3062994,0.039196,54042, SelfDown,5, 
12-21-2022-23-05-28.014,1, 0.2080156,0.036331,57708, SelfDown,4, 
12-21-2022-23-05-27.914,1, 0.3093002,0.038684,87552, SelfDown,2, 
12-21-2022-23-05-28.014,1, 0.2090135,0.039196,54042, SelfDown,5, 
12-21-2022-23-05-28.114,1, 0.1104125,0.040075,30964, SelfDown,7, 
12-21-2022-23-05-28.014,1, 0.2192325,0.038684,87552, SelfDown,2, 
12-21-2022-23-05-28.014,1, 0.2214059,0.035725,23839, SelfDown,1, 
12-21-2022-23-05-27.914,1, 0.3224645,0.038909,65520, SelfDown,3, 
12-21-2022-23-05-28.114,1, 0.1311515,0.040582,77580, SelfDown,0, 
12-21-2022-23-05-28.114,1, 0.1316683,0.036331,57708, SelfDown,4, 
12-21-2022-23-05-28.114,1, 0.1323524,0.039196,54042, SelfDown,5, 
12-21-2022-23-05-28.114,1, 0.1524808,0.037803,738048, SelfUp,5, 
12-21-2022-23-05-28.215,1, 0.0533255,0.037944,623528, SelfUp,7, 
12-21-2022-23-05-28.114,1, 0.1534935,0.037944,623528, SelfUp,7, 
12-21-2022-23-05-28.215,1, 0.0850854,0.037803,738048, SelfUp,5, 
12-21-2022-23-05-28.215,1, 0.1001706,0.037985,480816, SelfUp,4, 
12-21-2022-23-05-28.215,1, 0.1123123,0.038497,44791, SelfDown,7, 
12-21-2022-23-05-28.114,1, 0.2152096,0.037558,24849, SelfDown,1, 
12-21-2022-23-05-28.215,1, 0.1161866,0.037558,24849, SelfDown,1, 
12-21-2022-23-05-28.315,1, 0.0233421,0.032911,738048, SelfUp,5, 
12-21-2022-23-05-28.014,1, 0.3330835,0.035499,14851, SelfDown,6, 
12-21-2022-23-05-28.114,1, 0.2330043,0.035499,14851, SelfDown,6, 
12-21-2022-23-05-28.114,1, 0.2347873,0.036102,65520, SelfDown,3, 
12-21-2022-23-05-28.014,1, 0.3348665,0.036102,65520, SelfDown,3, 
12-21-2022-23-05-28.114,1, 0.2347873,0.03606,90368, SelfDown,2, 
12-21-2022-23-05-28.114,1, 0.2595175,0.0466,1170432, SelfUp,1, 
12-21-2022-23-05-28.215,1, 0.1593495,0.0466,1170432, SelfUp,1, 
12-21-2022-23-05-28.315,1, 0.0591789,0.040168,684195, SelfUp,7, 
12-21-2022-23-05-28.315,1, 0.0591789,0.0466,1170432, SelfUp,1, 
12-21-2022-23-05-28.215,1, 0.1939844,0.036149,90368, SelfDown,2, 
12-21-2022-23-05-28.215,1, 0.194985,0.036456,61912, SelfDown,5, 
12-21-2022-23-05-28.215,1, 0.2032278,0.034098,83391, SelfDown,0, 
12-21-2022-23-05-28.416,1, 0.0364715,0.040972,728759, SelfUp,7, 
12-21-2022-23-05-28.416,1, 0.0370909,0.040669,1170432, SelfUp,1, 
12-21-2022-23-05-28.416,1, 0.0429619,0.037451,738048, SelfUp,5, 
12-21-2022-23-05-28.315,1, 0.1582431,0.034967,55785, SelfDown,7, 
12-21-2022-23-05-28.215,1, 0.2608594,0.035197,62719, SelfDown,4, 
12-21-2022-23-05-28.215,1, 0.2659102,0.035571,17249, SelfDown,6, 
12-21-2022-23-05-28.315,1, 0.1760522,0.038221,481510, SelfUp,4, 
12-21-2022-23-05-28.416,1, 0.0744769,0.038221,481510, SelfUp,4, 
12-21-2022-23-05-28.517,1, 0.0365823,0.035732,844535, SelfUp,7, 
12-21-2022-23-05-28.416,1, 0.1381511,0.033957,65520, SelfDown,7, 
12-21-2022-23-05-28.517,1, 0.0384766,0.037635,1170432, SelfUp,1, 
12-21-2022-23-05-28.517,1, 0.0384766,0.03667,738048, SelfUp,5, 
12-21-2022-23-05-28.517,1, 0.0384766,0.0381,483265, SelfUp,4, 
12-21-2022-23-05-28.315,1, 0.254723,0.036142,85913, SelfDown,0, 
12-21-2022-23-05-28.416,1, 0.1531477,0.036142,85913, SelfDown,0, 
12-21-2022-23-05-28.315,1, 0.2636877,0.036478,15449, SelfDown,8, 
12-21-2022-23-05-28.517,1, 0.0738315,0.034474,65520, SelfDown,7, 
12-21-2022-23-05-28.315,1, 0.2777853,0.036421,65407, SelfDown,5, 
12-21-2022-23-05-28.416,1, 0.17621,0.036421,65407, SelfDown,5, 
12-21-2022-23-05-28.315,1, 0.2790863,0.036081,90368, SelfDown,2, 
12-21-2022-23-05-28.315,1, 0.2813788,0.036486,19006, SelfDown,6, 
12-21-2022-23-05-28.416,1, 0.1798035,0.036486,19006, SelfDown,6, 
12-21-2022-23-05-28.416,1, 0.181871,0.036081,90368, SelfDown,2, 
12-21-2022-23-05-28.315,1, 0.2881118,0.03901,29362, SelfDown,1, 
12-21-2022-23-05-28.416,1, 0.1889655,0.03901,29362, SelfDown,1, 
12-21-2022-23-05-28.517,1, 0.0894728,0.03901,29362, SelfDown,1, 
12-21-2022-23-05-28.416,1, 0.2052442,0.03668,65520, SelfDown,3, 
12-21-2022-23-05-28.315,1, 0.3068195,0.03668,65520, SelfDown,3, 
12-21-2022-23-05-28.517,1, 0.1139748,0.036351,87639, SelfDown,0, 
12-21-2022-23-05-28.315,1, 0.317007,0.03538,64576, SelfDown,4, 
12-21-2022-23-05-28.416,1, 0.2154317,0.03538,64576, SelfDown,4, 
12-21-2022-23-05-28.618,1, 0.0426059,0.037716,738048, SelfUp,5, 
12-21-2022-23-05-28.618,1, 0.0487705,0.038275,1170432, SelfUp,1, 
12-21-2022-23-05-28.517,1, 0.1812012,0.036226,65520, SelfDown,4, 
12-21-2022-23-05-28.517,1, 0.1853446,0.037231,65520, SelfDown,5, 
12-21-2022-23-05-28.215,1, 0.4920194,0.039865,65520, SelfDown,3, 
12-21-2022-23-05-28.517,1, 0.1925627,0.036814,21918, SelfDown,6, 
12-21-2022-23-05-28.618,1, 0.11528,0.032597,67328, SelfDown,7, 
12-21-2022-23-05-28.517,1, 0.2234032,0.037707,90368, SelfDown,2, 
12-21-2022-23-05-28.416,1, 0.3325927,0.03913,16186, SelfDown,8, 
12-21-2022-23-05-28.618,1, 0.1405366,0.038137,32772, SelfDown,1, 
12-21-2022-23-05-28.722,1, 0.0375672,0.037126,738048, SelfUp,5, 
12-21-2022-23-05-28.517,1, 0.1430377,0.034638,67500, SelfUp,8, 
12-21-2022-23-05-28.618,1, 0.1430377,0.034638,67500, SelfUp,8, 
12-21-2022-23-05-28.416,1, 0.1430377,0.034638,67500, SelfUp,8, 
12-21-2022-23-05-28.315,1, 0.1430377,0.034638,67500, SelfUp,8, 
12-21-2022-23-05-28.722,1, 0.0513756,0.034638,67500, SelfUp,8, 
12-21-2022-23-05-28.114,1, 0.1519744,0.038406,65520, SelfUp,6, 
12-21-2022-23-05-28.215,1, 0.1519744,0.038406,65520, SelfUp,6, 
12-21-2022-23-05-28.014,1, 0.1519744,0.038406,65520, SelfUp,6, 
12-21-2022-23-05-28.618,1, 0.1519744,0.038406,65520, SelfUp,6, 
12-21-2022-23-05-27.914,1, 0.1519744,0.038406,65520, SelfUp,6, 
12-21-2022-23-05-27.201,1, 0.1519744,0.038406,65520, SelfUp,6, 
12-21-2022-23-05-28.315,1, 0.1519744,0.038406,65520, SelfUp,6, 
12-21-2022-23-05-27.502,1, 0.1519744,0.038406,65520, SelfUp,6, 
12-21-2022-23-05-28.517,1, 0.1519744,0.038406,65520, SelfUp,6, 
12-21-2022-23-05-28.416,1, 0.1519744,0.038406,65520, SelfUp,6, 
12-21-2022-23-05-27.096,1, 0.1519744,0.038406,65520, SelfUp,6, 
12-21-2022-23-05-27.402,1, 0.152489,0.038406,65520, SelfUp,6, 
12-21-2022-23-05-26.988,1, 0.1525053,0.038406,65520, SelfUp,6, 
12-21-2022-23-05-27.706,1, 0.1525053,0.038406,65520, SelfUp,6, 
12-21-2022-23-05-27.302,1, 0.1525053,0.038406,65520, SelfUp,6, 
12-21-2022-23-05-26.682,1, 0.1525053,0.038406,65520, SelfUp,6, 
12-21-2022-23-05-26.884,1, 0.1525053,0.038406,65520, SelfUp,6, 
12-21-2022-23-05-28.722,1, 0.0757974,0.038755,933716, SelfUp,7, 
12-21-2022-23-05-28.618,1, 0.1801252,0.038755,933716, SelfUp,7, 
12-21-2022-23-05-26.466,1, 0.212556,0.040094,114862, SelfUp,6, 
12-21-2022-23-05-26.783,1, 0.212556,0.040094,114862, SelfUp,6, 
12-21-2022-23-05-27.813,1, 0.212556,0.040094,114862, SelfUp,6, 
12-21-2022-23-05-26.362,1, 0.212556,0.040094,114862, SelfUp,6, 
12-21-2022-23-05-26.570,1, 0.212556,0.040094,114862, SelfUp,6, 
12-21-2022-23-05-27.602,1, 0.212556,0.040094,114862, SelfUp,6, 
12-21-2022-23-05-28.722,1, 0.1283252,0.040094,114862, SelfUp,6, 
12-21-2022-23-05-28.618,1, 0.2429594,0.035293,92938, SelfDown,0, 
12-21-2022-23-05-28.828,1, 0.0337048,0.035876,738048, SelfUp,5, 
12-21-2022-23-05-28.828,1, 0.0337048,0.040465,979311, SelfUp,7, 
12-21-2022-23-05-28.722,1, 0.1591363,0.0376,36188, SelfDown,1, 
12-21-2022-23-05-28.722,1, 0.163366,0.034522,68608, SelfDown,7, 
12-21-2022-23-05-28.828,1, 0.0594244,0.040657,122211, SelfUp,6, 
12-21-2022-23-05-28.618,1, 0.2715649,0.036373,65520, SelfDown,5, 
12-21-2022-23-05-28.618,1, 0.2720699,0.035676,25794, SelfDown,6, 
12-21-2022-23-05-28.618,1, 0.2721821,0.034694,65520, SelfDown,4, 
12-21-2022-23-05-28.722,1, 0.1678543,0.034694,65520, SelfDown,4, 
12-21-2022-23-05-28.828,1, 0.0637403,0.034837,95591, SelfUp,8, 
12-21-2022-23-05-28.828,1, 0.0691145,0.034522,68608, SelfDown,7, 
12-21-2022-23-05-28.722,1, 0.1795838,0.036373,65520, SelfDown,5, 
12-21-2022-23-05-28.722,1, 0.1795838,0.035676,25794, SelfDown,6, 
12-21-2022-23-05-28.618,1, 0.2854765,0.037105,93440, SelfDown,2, 
12-21-2022-23-05-28.722,1, 0.1811487,0.037105,93440, SelfDown,2, 
12-21-2022-23-05-28.722,1, 0.1855073,0.031184,101185, SelfDown,0, 
12-21-2022-23-05-28.828,1, 0.0810878,0.031184,101185, SelfDown,0, 
12-21-2022-23-05-28.517,1, 0.3921427,0.036719,16820, SelfDown,8, 
12-21-2022-23-05-28.618,1, 0.2913431,0.036719,16820, SelfDown,8, 
12-21-2022-23-05-28.722,1, 0.1870153,0.036719,16820, SelfDown,8, 
12-21-2022-23-05-28.517,1, 0.3929113,0.038828,65520, SelfDown,3, 
12-21-2022-23-05-28.114,1, 0.7963191,0.037722,737792, SelfUp,2, 
12-21-2022-23-05-28.828,1, 0.0835368,0.034694,65520, SelfDown,4, 
12-21-2022-23-05-28.828,1, 0.0873496,0.03534,38229, SelfDown,1, 
12-21-2022-23-05-28.315,1, 0.6304536,0.037722,737792, SelfUp,2, 
12-21-2022-23-05-28.416,1, 0.5288783,0.037722,737792, SelfUp,2, 
12-21-2022-23-05-28.215,1, 0.7306242,0.037722,737792, SelfUp,2, 
12-21-2022-23-05-28.517,1, 0.4284635,0.037722,737792, SelfUp,2, 
12-21-2022-23-05-28.618,1, 0.3276639,0.037722,737792, SelfUp,2, 
12-21-2022-23-05-28.722,1, 0.2233361,0.037722,737792, SelfUp,2, 
12-21-2022-23-05-28.828,1, 0.1174086,0.037722,737792, SelfUp,2, 
12-21-2022-23-05-28.618,1, 0.3374021,0.037085,488765, SelfUp,4, 
12-21-2022-23-05-28.930,1, 0.0376113,0.037387,131055, SelfUp,8, 
12-21-2022-23-05-28.930,1, 0.0390794,0.036464,1124203, SelfUp,7, 
12-21-2022-23-05-28.930,1, 0.0390794,0.037213,737792, SelfUp,2, 
12-21-2022-23-05-28.722,1, 0.2695271,0.037633,489117, SelfUp,4, 
12-21-2022-23-05-28.930,1, 0.0612781,0.037633,489117, SelfUp,4, 
12-21-2022-23-05-28.828,1, 0.1635996,0.037633,489117, SelfUp,4, 
12-21-2022-23-05-28.828,1, 0.1707154,0.0371,65520, SelfDown,5, 
12-21-2022-23-05-28.828,1, 0.2198198,0.036583,28740, SelfDown,6, 
12-21-2022-23-05-28.618,1, 0.4309454,0.038856,65520, SelfDown,3, 
12-21-2022-23-05-28.722,1, 0.3446365,0.03718,1170432, SelfUp,1, 
12-21-2022-23-05-29.033,1, 0.0377896,0.035934,1170432, SelfUp,7, 
12-21-2022-23-05-28.828,1, 0.2441242,0.037192,93440, SelfDown,2, 
12-21-2022-23-05-28.930,1, 0.1426751,0.036546,65520, SelfDown,4, 
12-21-2022-23-05-29.033,1, 0.0408379,0.037108,492941, SelfUp,4, 
12-21-2022-23-05-28.930,1, 0.1448189,0.037243,65520, SelfDown,5, 
12-21-2022-23-05-28.930,1, 0.1448189,0.03521,102369, SelfDown,0, 
12-21-2022-23-05-28.722,1, 0.3542263,0.039004,65520, SelfDown,3, 
12-21-2022-23-05-28.828,1, 0.2482988,0.039004,65520, SelfDown,3, 
12-21-2022-23-05-29.033,1, 0.0447727,0.032825,737792, SelfUp,2, 
12-21-2022-23-05-28.930,1, 0.1473195,0.036562,40881, SelfDown,1, 
12-21-2022-23-05-29.033,1, 0.0457778,0.036562,40881, SelfDown,1, 
12-21-2022-23-05-28.828,1, 0.2697536,0.037124,1170432, SelfUp,1, 
12-21-2022-23-05-28.930,1, 0.1674321,0.037124,1170432, SelfUp,1, 
12-21-2022-23-05-29.033,1, 0.0648853,0.037124,1170432, SelfUp,1, 
12-21-2022-23-05-29.033,1, 0.0764666,0.037756,276103, SelfUp,6, 
12-21-2022-23-05-28.930,1, 0.1790134,0.037756,276103, SelfUp,6, 
12-21-2022-23-05-28.930,1, 0.1805201,0.036522,30259, SelfDown,6, 
12-21-2022-23-05-28.930,1, 0.1805201,0.034071,89507, SelfDown,7, 
12-21-2022-23-05-29.033,1, 0.0779733,0.034071,89507, SelfDown,7, 
12-21-2022-23-05-29.033,1, 0.0799734,0.034765,102372, SelfDown,0, 
12-21-2022-23-05-29.033,1, 0.1088681,0.036811,65520, SelfDown,5, 
12-21-2022-23-05-28.930,1, 0.2118948,0.036952,96256, SelfDown,2, 
12-21-2022-23-05-29.033,1, 0.117782,0.036114,66304, SelfDown,4, 
12-21-2022-23-05-28.828,1, 0.3269721,0.035896,18504, SelfDown,8, 
12-21-2022-23-05-28.930,1, 0.2246506,0.035896,18504, SelfDown,8, 
12-21-2022-23-05-29.134,1, 0.0346637,0.034453,1170432, SelfUp,7, 
12-21-2022-23-05-29.134,1, 0.0346637,0.033967,1170432, SelfUp,1, 
12-21-2022-23-05-29.134,1, 0.0358667,0.034911,341918, SelfUp,6, 
12-21-2022-23-05-29.033,1, 0.1593317,0.036845,96256, SelfDown,2, 
12-21-2022-23-05-29.033,1, 0.1807471,0.03714,65520, SelfDown,3, 
12-21-2022-23-05-29.134,1, 0.1066578,0.033061,45187, SelfDown,1, 
12-21-2022-23-05-29.033,1, 0.2283288,0.03606,31777, SelfDown,6, 
12-21-2022-23-05-29.236,1, 0.0347998,0.035149,1170432, SelfUp,7, 
12-21-2022-23-05-28.930,1, 0.3471007,0.036962,65520, SelfDown,3, 
12-21-2022-23-05-29.134,1, 0.1486312,0.035788,66304, SelfDown,4, 
12-21-2022-23-05-29.134,1, 0.1561413,0.034535,98048, SelfDown,7, 
12-21-2022-23-05-29.134,1, 0.1663583,0.048097,493981, SelfUp,4, 
12-21-2022-23-05-29.236,1, 0.0649928,0.048097,493981, SelfUp,4, 
12-21-2022-23-05-29.033,1, 0.287691,0.036414,18858, SelfDown,8, 
12-21-2022-23-05-29.134,1, 0.2218124,0.034116,105417, SelfDown,0, 
12-21-2022-23-05-29.336,1, 0.0336045,0.035588,1170432, SelfUp,7, 
12-21-2022-23-05-29.336,1, 0.0336045,0.041709,496742, SelfUp,4, 
12-21-2022-23-05-29.134,1, 0.25687,0.035828,36434, SelfDown,6, 
12-21-2022-23-05-29.134,1, 0.2612636,0.036454,65520, SelfDown,3, 
12-21-2022-23-05-29.134,1, 0.285986,0.036074,65520, SelfDown,5, 
12-21-2022-23-05-29.236,1, 0.1918222,0.033687,108237, SelfDown,0, 
12-21-2022-23-05-29.134,1, 0.2956325,0.036043,96256, SelfDown,2, 
12-21-2022-23-05-29.236,1, 0.1954844,0.031623,98048, SelfDown,7, 
12-21-2022-23-05-29.134,1, 0.2990821,0.036263,19035, SelfDown,8, 
12-21-2022-23-05-29.336,1, 0.0982171,0.033687,108237, SelfDown,0, 
12-21-2022-23-05-29.236,1, 0.1985832,0.036043,96256, SelfDown,2, 
12-21-2022-23-05-29.134,1, 0.3029927,0.033212,737792, SelfUp,2, 
12-21-2022-23-05-29.236,1, 0.2124433,0.033795,66864, SelfDown,4, 
12-21-2022-23-05-29.336,1, 0.1119807,0.033795,66864, SelfDown,4, 
12-21-2022-23-05-29.236,1, 0.2143955,0.035105,37783, SelfDown,6, 
12-21-2022-23-05-29.336,1, 0.1139329,0.035105,37783, SelfDown,6, 
12-21-2022-23-05-29.236,1, 0.2169301,0.032065,65520, SelfDown,5, 
12-21-2022-23-05-29.336,1, 0.1220016,0.026922,104698, SelfDown,7, 
12-21-2022-23-05-29.336,1, 0.1319563,0.032065,65520, SelfDown,5, 
12-21-2022-23-05-29.336,1, 0.1319563,0.034598,15445, SelfDown,9, 
12-21-2022-23-05-29.235,1, 0.2332543,0.03276,19772, SelfDown,8, 
12-21-2022-23-05-29.235,1, 0.2342983,0.035154,65520, SelfDown,3, 
12-21-2022-23-05-29.236,1, 0.2345879,0.033109,737792, SelfUp,2, 
12-21-2022-23-05-29.336,1, 0.1339322,0.033109,737792, SelfUp,2, 
12-21-2022-23-05-29.437,1, 0.0342123,0.032981,1170432, SelfUp,7, 
12-21-2022-23-05-29.437,1, 0.0342123,0.027769,104735, SelfDown,7, 
12-21-2022-23-05-29.437,1, 0.0361942,0.03365,502713, SelfUp,4, 
12-21-2022-23-05-29.437,1, 0.0400887,0.034633,737792, SelfUp,2, 
12-21-2022-23-05-29.437,1, 0.0440895,0.028159,126699, SelfDown,0, 
12-21-2022-23-05-29.336,1, 0.1478068,0.033965,96256, SelfDown,2, 
12-21-2022-23-05-29.236,1, 0.2507134,0.037254,49428, SelfDown,1, 
12-21-2022-23-05-29.033,1, 0.5123788,0.038701,307213, SelfUp,8, 
12-21-2022-23-05-29.236,1, 0.3168737,0.038915,1170432, SelfUp,1, 
12-21-2022-23-05-29.437,1, 0.1159746,0.034985,65520, SelfDown,5, 
12-21-2022-23-05-29.437,1, 0.1224438,0.035496,68608, SelfDown,4, 
12-21-2022-23-05-29.538,1, 0.0365745,0.035923,507767, SelfUp,4, 
12-21-2022-23-05-29.538,1, 0.0365745,0.035306,737792, SelfUp,2, 
12-21-2022-23-05-29.134,1, 0.4413164,0.034676,347015, SelfUp,8, 
12-21-2022-23-05-29.235,1, 0.3399509,0.034676,347015, SelfUp,8, 
12-21-2022-23-05-29.336,1, 0.2392952,0.034676,347015, SelfUp,8, 
12-21-2022-23-05-29.437,1, 0.1383237,0.034676,347015, SelfUp,8, 
12-21-2022-23-05-29.538,1, 0.0373087,0.034676,347015, SelfUp,8, 
12-21-2022-23-05-29.336,1, 0.2426363,0.036237,1170432, SelfUp,1, 
12-21-2022-23-05-29.437,1, 0.1416648,0.036237,1170432, SelfUp,1, 
12-21-2022-23-05-29.538,1, 0.0406498,0.036237,1170432, SelfUp,1, 
12-21-2022-23-05-29.437,1, 0.163893,0.035517,16429, SelfDown,9, 
12-21-2022-23-05-29.336,1, 0.2732165,0.035146,20299, SelfDown,8, 
12-21-2022-23-05-29.437,1, 0.1739112,0.033522,43073, SelfDown,6, 
12-21-2022-23-05-29.538,1, 0.0739532,0.029983,126725, SelfDown,0, 
12-21-2022-23-05-29.538,1, 0.0748454,0.035517,16429, SelfDown,9, 
12-21-2022-23-05-29.336,1, 0.2768319,0.035832,65520, SelfDown,3, 
12-21-2022-23-05-29.437,1, 0.18162,0.033801,96256, SelfDown,2, 
12-21-2022-23-05-29.538,1, 0.0901826,0.033238,116868, SelfDown,7, 
12-21-2022-23-05-29.336,1, 0.294195,0.034127,53527, SelfDown,1, 
12-21-2022-23-05-29.538,1, 0.0948523,0.032325,65520, SelfDown,5, 
12-21-2022-23-05-29.437,1, 0.2029873,0.037416,54392, SelfDown,1, 
12-21-2022-23-05-29.538,1, 0.1166618,0.037416,54392, SelfDown,1, 
12-21-2022-23-05-29.639,1, 0.0354743,0.034881,737792, SelfUp,2, 
12-21-2022-23-05-29.538,1, 0.1138031,0.035844,65520, SelfUp,9, 
12-21-2022-23-05-29.437,1, 0.1138031,0.035844,65520, SelfUp,9, 
12-21-2022-23-05-29.336,1, 0.1138031,0.035844,65520, SelfUp,9, 
12-21-2022-23-05-29.639,1, 0.0638854,0.035844,65520, SelfUp,9, 
12-21-2022-23-05-29.538,1, 0.1819104,0.034759,68608, SelfDown,4, 
12-21-2022-23-05-29.639,1, 0.0862414,0.035311,514059, SelfUp,4, 
12-21-2022-23-05-28.930,1, 0.8011521,0.046837,738048, SelfUp,5, 
12-21-2022-23-05-29.639,1, 0.099135,0.035877,1170432, SelfUp,1, 
12-21-2022-23-05-29.538,1, 0.217314,0.043822,1170432, SelfUp,7, 
12-21-2022-23-05-29.639,1, 0.1177871,0.043822,1170432, SelfUp,7, 
12-21-2022-23-05-29.033,1, 0.740864,0.046837,738048, SelfUp,5, 
12-21-2022-23-05-29.134,1, 0.639073,0.046837,738048, SelfUp,5, 
12-21-2022-23-05-29.236,1, 0.5377075,0.046837,738048, SelfUp,5, 
12-21-2022-23-05-29.336,1, 0.4370518,0.046837,738048, SelfUp,5, 
12-21-2022-23-05-29.437,1, 0.3360803,0.046837,738048, SelfUp,5, 
12-21-2022-23-05-29.538,1, 0.2345347,0.046837,738048, SelfUp,5, 
12-21-2022-23-05-29.639,1, 0.1350078,0.046837,738048, SelfUp,5, 
12-21-2022-23-05-29.740,1, 0.0441586,0.043805,1170432, SelfUp,7, 
12-21-2022-23-05-29.740,1, 0.0455023,0.042664,1170432, SelfUp,1, 
12-21-2022-23-05-29.740,1, 0.0496997,0.037149,737792, SelfUp,2, 
12-21-2022-23-05-29.740,1, 0.0517125,0.046402,738048, SelfUp,5, 
12-21-2022-23-05-29.740,1, 0.0517125,0.038191,515223, SelfUp,4, 
12-21-2022-23-05-29.740,1, 0.0531287,0.043629,156119, SelfUp,9, 
