Time of the generation of the data point., The number of round trips measured by this data point., The duration for this measurement., The underlying connection's RTT at probe time., The underlying connection's congestion window at probe time., The type of the probe., 
12-21-2022-22-27-04.637,1, 0.0238468,0.018954,109026, SelfUp,
12-21-2022-22-27-04.637,1, 0.0435218,0.016328,15795, SelfDown,
12-21-2022-22-27-04.738,1, 0.018337,0.017691,325235, SelfUp,
12-21-2022-22-27-04.738,1, 0.0193672,0.015007,22202, SelfDown,
12-21-2022-22-27-04.838,1, 0.0267204,0.02377,538335, SelfUp,
12-21-2022-22-27-04.838,1, 0.027237,0.020345,38759, SelfDown,
12-21-2022-22-27-04.938,1, 0.0262757,0.029766,660288, SelfUp,
12-21-2022-22-27-04.938,1, 0.0487157,0.027883,47809, SelfDown,
12-21-2022-22-27-05.039,1, 0.0266051,0.022416,52868, SelfDown,
12-21-2022-22-27-05.039,1, 0.0272092,0.023482,830487, SelfUp,
12-21-2022-22-27-05.140,1, 0.0172641,0.022772,909437, SelfUp,
12-21-2022-22-27-05.140,1, 0.0246609,0.017086,58116, SelfDown,
12-21-2022-22-27-05.241,1, 0.0197171,0.028313,1026994, SelfUp,
12-21-2022-22-27-05.241,1, 0.0317829,0.023618,61233, SelfDown,
12-21-2022-22-27-05.341,1, 0.0336937,0.029772,1169408, SelfUp,
12-21-2022-22-27-05.341,1, 0.0419232,0.030713,67337, SelfDown,
12-21-2022-22-27-05.441,1, 0.0237687,0.027521,1170432, SelfUp,
12-21-2022-22-27-05.441,1, 0.0706939,0.033685,72502, SelfDown,
12-21-2022-22-27-05.542,1, 0.035669,0.031988,1170432, SelfUp,
12-21-2022-22-27-05.542,1, 0.042709,0.032634,75840, SelfDown,
12-21-2022-22-27-05.643,1, 0.0375906,0.035615,1170432, SelfUp,
12-21-2022-22-27-05.643,1, 0.0381061,0.038538,77792, SelfDown,
12-21-2022-22-27-05.743,1, 0.0232738,0.033368,1170432, SelfUp,
12-21-2022-22-27-05.743,1, 0.0317551,0.019824,82108, SelfDown,
12-21-2022-22-27-05.847,1, 0.0153598,0.03341,1170432, SelfUp,
12-21-2022-22-27-05.847,1, 0.0415789,0.032547,84082, SelfDown,
12-21-2022-22-27-05.955,1, 0.0273867,0.028899,1170432, SelfUp,
12-21-2022-22-27-05.955,1, 0.052686,0.029196,86343, SelfDown,
12-21-2022-22-27-06.068,1, 0.0497921,0.030868,89984, SelfDown,
12-21-2022-22-27-06.068,1, 0.0602947,0.033551,1170432, SelfUp,
12-21-2022-22-27-06.169,1, 0.0239199,0.027165,1170432, SelfUp,
12-21-2022-22-27-06.169,1, 0.0244489,0.028836,92378, SelfDown,
12-21-2022-22-27-06.271,1, 0.0368055,0.032683,1170432, SelfUp,
12-21-2022-22-27-06.271,1, 0.0538309,0.036552,95622, SelfDown,
12-21-2022-22-27-06.372,1, 0.0339886,0.029839,1170432, SelfUp,
12-21-2022-22-27-06.372,1, 0.0689064,0.033996,98620, SelfDown,
12-21-2022-22-27-06.472,1, 0.0801227,0.028243,101728, SelfDown,
12-21-2022-22-27-06.472,1, 0.0841192,0.035343,1170432, SelfUp,
12-21-2022-22-27-06.572,1, 0.0150008,0.028599,1170432, SelfUp,
12-21-2022-22-27-06.572,1, 0.0189998,0.018192,103699, SelfDown,
12-21-2022-22-27-06.673,1, 0.0314246,0.028237,1170432, SelfUp,
12-21-2022-22-27-06.673,1, 0.0314246,0.027189,105627, SelfDown,
12-21-2022-22-27-06.781,1, 0.0343361,0.034295,1170432, SelfUp,
12-21-2022-22-27-06.781,1, 0.0427296,0.03158,108400, SelfDown,
12-21-2022-22-27-06.881,1, 0.074708,0.029038,1170432, SelfUp,
12-21-2022-22-27-06.881,1, 0.0810964,0.03352,123369, SelfDown,
12-21-2022-22-27-06.982,1, 0.0164244,0.020725,1170432, SelfUp,
12-21-2022-22-27-06.982,1, 0.0345806,0.021514,124898, SelfDown,
12-21-2022-22-27-07.090,1, 0.0663053,0.035821,126327, SelfDown,
12-21-2022-22-27-07.090,1, 0.1253146,0.035964,1170432, SelfUp,
12-21-2022-22-27-07.190,1, 0.0572635,0.038652,1170432, SelfUp,
12-21-2022-22-27-07.190,1, 0.0771336,0.034263,127308, SelfDown,
12-21-2022-22-27-07.291,1, 0.0553805,0.03559,128007, SelfDown,
12-21-2022-22-27-07.291,1, 0.0725024,0.036679,1170432, SelfUp,
12-21-2022-22-27-07.393,1, 0.037013,0.036212,1170432, SelfUp,
12-21-2022-22-27-07.500,1, 0.0324542,0.035182,1170432, SelfUp,
12-21-2022-22-27-07.393,1, 0.1399296,0.033887,129210, SelfDown,
12-21-2022-22-27-07.500,1, 0.0571666,0.033887,129210, SelfDown,
12-21-2022-22-27-07.606,1, 0.0806255,0.034926,1170432, SelfUp,
12-21-2022-22-27-07.606,1, 0.1379712,0.028443,131701, SelfDown,
12-21-2022-22-27-07.714,1, 0.0376592,0.03588,1170432, SelfUp,
12-21-2022-22-27-07.714,1, 0.0876307,0.02991,132284, SelfDown,
12-21-2022-22-27-07.825,1, 0.079263,0.035484,1170432, SelfUp,
12-21-2022-22-27-07.929,1, 0.0364705,0.035577,1170432, SelfUp,
12-21-2022-22-27-07.825,1, 0.189613,0.028105,134196, SelfDown,
12-21-2022-22-27-07.929,1, 0.0864665,0.028105,134196, SelfDown,
12-21-2022-22-27-08.029,1, 0.084412,0.033524,1170432, SelfUp,
12-21-2022-22-27-08.129,1, 0.0390323,0.035072,1170432, SelfUp,
12-21-2022-22-27-08.029,1, 0.2120485,0.037419,135849, SelfDown,
12-21-2022-22-27-08.229,1, 0.0279654,0.032255,1170432, SelfUp,
12-21-2022-22-27-08.129,1, 0.1355644,0.02267,138476, SelfDown,
12-21-2022-22-27-08.229,1, 0.0377804,0.023062,138590, SelfDown,
12-21-2022-22-27-08.331,1, 0.0651955,0.035006,1170432, SelfUp,
12-21-2022-22-27-08.433,1, 0.0381281,0.036545,1170432, SelfUp,
12-21-2022-22-27-08.331,1, 0.1562848,0.035434,140975, SelfDown,
12-21-2022-22-27-08.433,1, 0.0951208,0.034657,140985, SelfDown,
12-21-2022-22-27-08.533,1, 0.0435658,0.028872,1170432, SelfUp,
12-21-2022-22-27-08.637,1, 0.0356638,0.03519,1170432, SelfUp,
12-21-2022-22-27-08.533,1, 0.1706133,0.031661,100360, SelfDown,
12-21-2022-22-27-08.637,1, 0.0896845,0.031661,100360, SelfDown,
12-21-2022-22-27-08.737,1, 0.033924,0.034163,1170432, SelfUp,
12-21-2022-22-27-08.737,1, 0.1546679,0.035313,103537, SelfDown,
12-21-2022-22-27-08.838,1, 0.0551617,0.035313,103537, SelfDown,
12-21-2022-22-27-08.838,1, 0.0619926,0.035079,1170432, SelfUp,
12-21-2022-22-27-08.938,1, 0.036666,0.035586,1170432, SelfUp,
12-21-2022-22-27-09.049,1, 0.0353817,0.037124,1170432, SelfUp,
12-21-2022-22-27-08.938,1, 0.1619054,0.035464,106091, SelfDown,
12-21-2022-22-27-09.049,1, 0.0526416,0.035464,106091, SelfDown,
12-21-2022-22-27-09.149,1, 0.0655552,0.034697,1170432, SelfUp,
12-21-2022-22-27-09.250,1, 0.03533,0.035975,1170432, SelfUp,
12-21-2022-22-27-09.149,1, 0.1639262,0.03642,109216, SelfDown,
12-21-2022-22-27-09.350,1, 0.0340053,0.038223,1170432, SelfUp,
12-21-2022-22-27-09.250,1, 0.2417544,0.036095,111005, SelfDown,
12-21-2022-22-27-09.350,1, 0.1447324,0.036095,111005, SelfDown,
12-21-2022-22-27-09.464,1, 0.0740484,0.037001,1170432, SelfUp,
12-21-2022-22-27-09.464,1, 0.1392355,0.035803,113384, SelfDown,
12-21-2022-22-27-09.566,1, 0.0990186,0.033845,115441, SelfDown,
12-21-2022-22-27-09.667,1, 0.0972315,0.036195,119577, SelfDown,
12-21-2022-22-27-09.566,1, 0.318005,0.039986,1170432, SelfUp,
12-21-2022-22-27-09.667,1, 0.2483188,0.039323,1170432, SelfUp,
12-21-2022-22-27-09.769,1, 0.1463873,0.039323,1170432, SelfUp,
12-21-2022-22-27-09.876,1, 0.0392944,0.039323,1170432, SelfUp,
12-21-2022-22-27-09.769,1, 0.158421,0.03509,122984, SelfDown,
12-21-2022-22-27-09.876,1, 0.0683166,0.03509,122984, SelfDown,
12-21-2022-22-27-09.977,1, 0.0402153,0.036935,1170432, SelfUp,
12-21-2022-22-27-10.084,1, 0.0636062,0.035954,1170432, SelfUp,
12-21-2022-22-27-09.977,1, 0.2212324,0.035838,132628, SelfDown,
12-21-2022-22-27-10.084,1, 0.1654699,0.036287,133616, SelfDown,
12-21-2022-22-27-10.288,1, 0.0485316,0.035565,1170432, SelfUp,
12-21-2022-22-27-10.186,1, 0.1506222,0.035565,1170432, SelfUp,
12-21-2022-22-27-10.186,1, 0.17736,0.034192,137347, SelfDown,
12-21-2022-22-27-10.388,1, 0.0367383,0.034228,1170432, SelfUp,
12-21-2022-22-27-10.288,1, 0.1606306,0.03298,140566, SelfDown,
12-21-2022-22-27-10.388,1, 0.0646647,0.03298,140566, SelfDown,
12-21-2022-22-27-10.488,1, 0.0348562,0.031355,1170432, SelfUp,
12-21-2022-22-27-10.488,1, 0.1714844,0.033874,152886, SelfDown,
12-21-2022-22-27-10.590,1, 0.1556223,0.048359,1170432, SelfUp,
12-21-2022-22-27-10.590,1, 0.174996,0.035126,152899, SelfDown,
12-21-2022-22-27-10.704,1, 0.0743733,0.044715,1170432, SelfUp,
12-21-2022-22-27-10.805,1, 0.0334904,0.037598,1170432, SelfUp,
12-21-2022-22-27-10.704,1, 0.1638881,0.037429,152911, SelfDown,
12-21-2022-22-27-10.905,1, 0.0336471,0.034782,1170432, SelfUp,
12-21-2022-22-27-10.805,1, 0.1792457,0.033518,152989, SelfDown,
12-21-2022-22-27-10.905,1, 0.1288288,0.034759,156507, SelfDown,
12-21-2022-22-27-11.006,1, 0.0395183,0.035392,1170432, SelfUp,
12-21-2022-22-27-11.006,1, 0.0658458,0.027364,166579, SelfDown,
12-21-2022-22-27-11.108,1, 0.0630034,0.034211,1170432, SelfUp,
12-21-2022-22-27-11.108,1, 0.156164,0.027883,169475, SelfDown,
12-21-2022-22-27-11.208,1, 0.0675254,0.034304,1170432, SelfUp,
12-21-2022-22-27-11.208,1, 0.0698613,0.027883,169475, SelfDown,
12-21-2022-22-27-11.308,1, 0.0360944,0.03447,1170432, SelfUp,
12-21-2022-22-27-11.308,1, 0.1240615,0.033607,170328, SelfDown,
12-21-2022-22-27-11.408,1, 0.0286743,0.033204,1170432, SelfUp,
12-21-2022-22-27-11.408,1, 0.0425781,0.032986,170329, SelfDown,
12-21-2022-22-27-11.513,1, 0.2965634,0.038957,1170432, SelfUp,
12-21-2022-22-27-11.513,1, 0.3088815,0.03449,170366, SelfDown,
12-21-2022-22-27-11.614,1, 0.2177811,0.03449,170366, SelfDown,
12-21-2022-22-27-11.714,1, 0.1182076,0.03449,170366, SelfDown,
12-21-2022-22-27-11.714,1, 0.1264759,0.038957,1170432, SelfUp,
12-21-2022-22-27-11.614,1, 0.2270528,0.038957,1170432, SelfUp,
12-21-2022-22-27-11.815,1, 0.0277112,0.035635,1170432, SelfUp,
12-21-2022-22-27-11.815,1, 0.0283859,0.033684,171437, SelfDown,
12-21-2022-22-27-11.917,1, 0.1111456,0.036646,1170432, SelfUp,
12-21-2022-22-27-12.028,1, 0.0341648,0.034091,1170432, SelfUp,
12-21-2022-22-27-11.917,1, 0.1637682,0.038645,182216, SelfDown,
12-21-2022-22-27-12.028,1, 0.1028247,0.039468,182229, SelfDown,
12-21-2022-22-27-12.129,1, 0.039014,0.037658,1170432, SelfUp,
12-21-2022-22-27-12.231,1, 0.0361255,0.036396,1170432, SelfUp,
12-21-2022-22-27-12.129,1, 0.230038,0.038858,182271, SelfDown,
12-21-2022-22-27-12.332,1, 0.0386567,0.036032,1170432, SelfUp,
12-21-2022-22-27-12.231,1, 0.1608419,0.038899,182272, SelfDown,
12-21-2022-22-27-12.436,1, 0.031168,0.034195,1170432, SelfUp,
12-21-2022-22-27-12.332,1, 0.1467159,0.037428,182287, SelfDown,
12-21-2022-22-27-12.436,1, 0.1065593,0.035734,183748, SelfDown,
12-21-2022-22-27-12.536,1, 0.0748818,0.035097,1170432, SelfUp,
12-21-2022-22-27-12.536,1, 0.1257765,0.038172,183767, SelfDown,
12-21-2022-22-27-12.637,1, 0.0326468,0.034727,1170432, SelfUp,
12-21-2022-22-27-12.637,1, 0.110805,0.034098,188418, SelfDown,
12-21-2022-22-27-12.739,1, 0.0267674,0.032238,1170432, SelfUp,
12-21-2022-22-27-12.839,1, 0.0375992,0.03465,1170432, SelfUp,
12-21-2022-22-27-12.739,1, 0.1665074,0.034186,198468, SelfDown,
12-21-2022-22-27-12.940,1, 0.0360258,0.034016,1170432, SelfUp,
12-21-2022-22-27-12.839,1, 0.2312559,0.030789,204987, SelfDown,
12-21-2022-22-27-13.042,1, 0.0301799,0.031503,1170432, SelfUp,
12-21-2022-22-27-12.940,1, 0.1925242,0.032272,206273, SelfDown,
12-21-2022-22-27-13.144,1, 0.033708,0.034883,1170432, SelfUp,
12-21-2022-22-27-13.042,1, 0.1482078,0.03302,206275, SelfDown,
12-21-2022-22-27-13.144,1, 0.24728,0.034289,206306, SelfDown,
12-21-2022-22-27-13.246,1, 0.2095775,0.033328,206585, SelfDown,
12-21-2022-22-27-13.246,1, 0.3106585,0.038869,1170432, SelfUp,
12-21-2022-22-27-13.447,1, 0.1315587,0.037127,1170432, SelfUp,
12-21-2022-22-27-13.347,1, 0.231849,0.037127,1170432, SelfUp,
12-21-2022-22-27-13.548,1, 0.0306731,0.037127,1170432, SelfUp,
12-21-2022-22-27-13.347,1, 0.2627306,0.031394,217652, SelfDown,
12-21-2022-22-27-13.447,1, 0.1639551,0.031394,217652, SelfDown,
12-21-2022-22-27-13.548,1, 0.1167893,0.034089,218928, SelfDown,
12-21-2022-22-27-13.651,1, 0.0284196,0.034736,1170432, SelfUp,
12-21-2022-22-27-13.757,1, 0.0299403,0.030834,1170432, SelfUp,
12-21-2022-22-27-13.651,1, 0.1395529,0.034579,218942, SelfDown,
12-21-2022-22-27-13.858,1, 0.0607293,0.038845,1170432, SelfUp,
12-21-2022-22-27-13.757,1, 0.2128513,0.037836,218953, SelfDown,
12-21-2022-22-27-13.960,1, 0.0289549,0.034312,1170432, SelfUp,
12-21-2022-22-27-13.858,1, 0.1649403,0.037836,153267, SelfDown,
12-21-2022-22-27-13.960,1, 0.1096589,0.035964,153636, SelfDown,
12-21-2022-22-27-14.167,1, 0.0487611,0.034122,1170432, SelfUp,
12-21-2022-22-27-14.061,1, 0.1544741,0.034122,1170432, SelfUp,
12-21-2022-22-27-14.061,1, 0.2346871,0.033097,156868, SelfDown,
12-21-2022-22-27-14.167,1, 0.1314628,0.033097,156868, SelfDown,
12-21-2022-22-27-14.267,1, 0.033462,0.031885,1170432, SelfUp,
12-21-2022-22-27-14.267,1, 0.0378575,0.033713,157006, SelfDown,
12-21-2022-22-27-14.368,1, 0.0358619,0.033635,1170432, SelfUp,
12-21-2022-22-27-14.472,1, 0.0707329,0.031953,1170432, SelfUp,
12-21-2022-22-27-14.368,1, 0.1764931,0.034464,160195, SelfDown,
12-21-2022-22-27-14.573,1, 0.030864,0.0325,1170432, SelfUp,
12-21-2022-22-27-14.472,1, 0.138191,0.03379,161580, SelfDown,
12-21-2022-22-27-14.573,1, 0.1044359,0.033034,163128, SelfDown,
12-21-2022-22-27-14.673,1, 0.0315703,0.032314,1170432, SelfUp,
12-21-2022-22-27-14.773,1, 0.0262082,0.028015,1170432, SelfUp,
12-21-2022-22-27-14.873,1, 0.0272478,0.030561,1170432, SelfUp,
12-21-2022-22-27-14.673,1, 0.3010069,0.03224,166006, SelfDown,
12-21-2022-22-27-14.873,1, 0.132507,0.032987,166641, SelfDown,
12-21-2022-22-27-14.773,1, 0.2325237,0.032987,166641, SelfDown,
12-21-2022-22-27-14.974,1, 0.0401518,0.032404,1170432, SelfUp,
12-21-2022-22-27-14.974,1, 0.0545474,0.033795,167265, SelfDown,
12-21-2022-22-27-15.074,1, 0.0345575,0.033304,1170432, SelfUp,
12-21-2022-22-27-15.074,1, 0.0441853,0.036496,168909, SelfDown,
12-21-2022-22-27-15.176,1, 0.0378003,0.036792,1170432, SelfUp,
12-21-2022-22-27-15.176,1, 0.0533657,0.040991,171158, SelfDown,
12-21-2022-22-27-15.291,1, 0.0588148,0.03634,1170432, SelfUp,
12-21-2022-22-27-15.391,1, 0.0740143,0.037892,1170432, SelfUp,
12-21-2022-22-27-15.493,1, 0.0916756,0.039803,1170432, SelfUp,
12-21-2022-22-27-15.291,1, 0.375126,0.041321,122575, SelfDown,
12-21-2022-22-27-15.391,1, 0.2750841,0.041321,122575, SelfDown,
12-21-2022-22-27-15.493,1, 0.1742543,0.041321,122575, SelfDown,
12-21-2022-22-27-15.593,1, 0.0786386,0.040553,1170432, SelfUp,
12-21-2022-22-27-15.593,1, 0.0911839,0.041321,122575, SelfDown,
12-21-2022-22-27-15.694,1, 0.0404558,0.041337,1170432, SelfUp,
12-21-2022-22-27-15.694,1, 0.1339216,0.04337,85808, SelfDown,
12-21-2022-22-27-15.796,1, 0.0415845,0.039456,1170432, SelfUp,
12-21-2022-22-27-15.896,1, 0.0496971,0.045105,1170432, SelfUp,
12-21-2022-22-27-15.796,1, 0.1713848,0.041848,85825, SelfDown,
12-21-2022-22-27-15.998,1, 0.0374908,0.036618,1170432, SelfUp,
12-21-2022-22-27-15.896,1, 0.1500859,0.039832,85828, SelfDown,
12-21-2022-22-27-15.998,1, 0.0795207,0.041473,85830, SelfDown,
12-21-2022-22-27-16.108,1, 0.0838306,0.037463,1170432, SelfUp,
12-21-2022-22-27-16.108,1, 0.124115,0.03739,85843, SelfDown,
12-21-2022-22-27-16.209,1, 0.0390555,0.037868,1170432, SelfUp,
12-21-2022-22-27-16.209,1, 0.0799188,0.032791,85900, SelfDown,
12-21-2022-22-27-16.309,1, 0.0964023,0.045087,88042, SelfDown,
12-21-2022-22-27-16.309,1, 0.0975363,0.033583,1170432, SelfUp,
12-21-2022-22-27-16.410,1, 0.0407664,0.036191,1170432, SelfUp,
12-21-2022-22-27-16.410,1, 0.1059488,0.040916,88207, SelfDown,
12-21-2022-22-27-16.511,1, 0.0680478,0.035343,1170432, SelfUp,
12-21-2022-22-27-16.511,1, 0.1025263,0.037122,88621, SelfDown,
12-21-2022-22-27-16.611,1, 0.0356814,0.035271,1170432, SelfUp,
12-21-2022-22-27-16.611,1, 0.1187778,0.039887,89128, SelfDown,
12-21-2022-22-27-16.714,1, 0.0357777,0.037144,1170432, SelfUp,
12-21-2022-22-27-16.714,1, 0.0923796,0.03828,89642, SelfDown,
12-21-2022-22-27-16.814,1, 0.0349189,0.03603,1170432, SelfUp,
12-21-2022-22-27-16.814,1, 0.0723815,0.03681,96382, SelfDown,
12-21-2022-22-27-16.914,1, 0.0751494,0.044725,1170432, SelfUp,
12-21-2022-22-27-16.914,1, 0.0851469,0.038483,96390, SelfDown,
12-21-2022-22-27-17.020,1, 0.0373175,0.043775,1170432, SelfUp,
12-21-2022-22-27-17.020,1, 0.1462807,0.0375,100478, SelfDown,
12-21-2022-22-27-17.120,1, 0.0511874,0.0375,100478, SelfDown,
12-21-2022-22-27-17.120,1, 0.0622963,0.042169,1170432, SelfUp,
12-21-2022-22-27-17.221,1, 0.0513,0.036943,1170432, SelfUp,
12-21-2022-22-27-17.221,1, 0.0889324,0.034268,107680, SelfDown,
12-21-2022-22-27-17.321,1, 0.0368534,0.037283,1170432, SelfUp,
12-21-2022-22-27-17.321,1, 0.054745,0.034852,108270, SelfDown,
12-21-2022-22-27-17.421,1, 0.0391403,0.03842,1170432, SelfUp,
12-21-2022-22-27-17.421,1, 0.1479967,0.041109,75808, SelfDown,
12-21-2022-22-27-17.522,1, 0.0955651,0.041427,1170432, SelfUp,
12-21-2022-22-27-17.522,1, 0.1028814,0.037787,75814, SelfDown,
12-21-2022-22-27-17.622,1, 0.1063448,0.037877,1170432, SelfUp,
12-21-2022-22-27-17.622,1, 0.1294761,0.039547,53073, SelfDown,
12-21-2022-22-27-17.724,1, 0.0379812,0.037914,1170432, SelfUp,
12-21-2022-22-27-17.724,1, 0.1164446,0.039161,53081, SelfDown,
12-21-2022-22-27-17.824,1, 0.1626542,0.038981,53088, SelfDown,
12-21-2022-22-27-17.925,1, 0.1063122,0.039881,53094, SelfDown,
12-21-2022-22-27-18.026,1, 0.0619378,0.050837,1170432, SelfUp,
12-21-2022-22-27-17.824,1, 0.2631318,0.050837,1170432, SelfUp,
12-21-2022-22-27-17.925,1, 0.1622828,0.050837,1170432, SelfUp,
12-21-2022-22-27-18.026,1, 0.1083469,0.035885,53157, SelfDown,
12-21-2022-22-27-18.126,1, 0.0338078,0.038668,1170432, SelfUp,
12-21-2022-22-27-18.126,1, 0.0370998,0.035511,53178, SelfDown,
12-21-2022-22-27-18.226,1, 0.0366906,0.039099,1170432, SelfUp,
12-21-2022-22-27-18.226,1, 0.2177205,0.035491,59158, SelfDown,
12-21-2022-22-27-18.331,1, 0.162192,0.047218,1170432, SelfUp,
12-21-2022-22-27-18.433,1, 0.0598438,0.047218,1170432, SelfUp,
12-21-2022-22-27-18.331,1, 0.1634933,0.037954,60532, SelfDown,
12-21-2022-22-27-18.433,1, 0.0925528,0.037954,60532, SelfDown,
12-21-2022-22-27-18.534,1, 0.0582621,0.047075,1170432, SelfUp,
12-21-2022-22-27-18.534,1, 0.122034,0.039975,42375, SelfDown,
12-21-2022-22-27-18.634,1, 0.1829053,0.047075,819302, SelfUp,
12-21-2022-22-27-18.734,1, 0.0822497,0.047075,819302, SelfUp,
12-21-2022-22-27-18.634,1, 0.3592135,0.039029,42382, SelfDown,
12-21-2022-22-27-18.734,1, 0.2585579,0.039029,42382, SelfDown,
12-21-2022-22-27-18.835,1, 0.2376948,0.039415,42391, SelfDown,
12-21-2022-22-27-18.939,1, 0.1418005,0.03833,42415, SelfDown,
12-21-2022-22-27-19.050,1, 0.071698,0.032041,44873, SelfDown,
12-21-2022-22-27-18.835,1, 0.3488266,0.042883,819798, SelfUp,
12-21-2022-22-27-18.939,1, 0.2787247,0.042537,819933, SelfUp,
12-21-2022-22-27-19.050,1, 0.1676944,0.042537,819933, SelfUp,
12-21-2022-22-27-19.150,1, 0.0675279,0.042537,819933, SelfUp,
12-21-2022-22-27-19.150,1, 0.0781964,0.034039,45990, SelfDown,
12-21-2022-22-27-19.251,1, 0.0378313,0.038617,821929, SelfUp,
12-21-2022-22-27-19.251,1, 0.0773407,0.037235,33511, SelfDown,
12-21-2022-22-27-19.355,1, 0.0326053,0.037079,823816, SelfUp,
12-21-2022-22-27-19.355,1, 0.0926176,0.036012,33530, SelfDown,
12-21-2022-22-27-19.455,1, 0.0789817,0.037659,824327, SelfUp,
12-21-2022-22-27-19.455,1, 0.1225068,0.035784,33964, SelfDown,
12-21-2022-22-27-19.559,1, 0.0370626,0.038253,825469, SelfUp,
12-21-2022-22-27-19.659,1, 0.0387859,0.039152,828430, SelfUp,
12-21-2022-22-27-19.559,1, 0.1654679,0.035802,37197, SelfDown,
12-21-2022-22-27-19.659,1, 0.1006234,0.035574,38182, SelfDown,
12-21-2022-22-27-19.759,1, 0.1416299,0.036364,40713, SelfDown,
12-21-2022-22-27-19.860,1, 0.1169381,0.036561,41587, SelfDown,
12-21-2022-22-27-19.963,1, 0.1602101,0.037207,44823, SelfDown,
12-21-2022-22-27-19.759,1, 0.4137258,0.038561,832278, SelfUp,
12-21-2022-22-27-19.860,1, 0.3132345,0.038561,832278, SelfUp,
12-21-2022-22-27-20.063,1, 0.1787915,0.036861,46807, SelfDown,
12-21-2022-22-27-19.963,1, 0.2799526,0.03747,834149, SelfUp,
12-21-2022-22-27-20.063,1, 0.1797914,0.03747,834149, SelfUp,
12-21-2022-22-27-20.163,1, 0.0797123,0.03747,834149, SelfUp,
12-21-2022-22-27-20.163,1, 0.1156605,0.036277,48451, SelfDown,
12-21-2022-22-27-20.267,1, 0.0766585,0.037854,834427, SelfUp,
12-21-2022-22-27-20.267,1, 0.1319434,0.036738,50031, SelfDown,
12-21-2022-22-27-20.371,1, 0.0382839,0.040205,836148, SelfUp,
12-21-2022-22-27-20.481,1, 0.0866134,0.041455,839631, SelfUp,
12-21-2022-22-27-20.371,1, 0.2364877,0.038235,52113, SelfDown,
12-21-2022-22-27-20.481,1, 0.1280542,0.038235,52113, SelfDown,
12-21-2022-22-27-20.584,1, 0.0510823,0.042559,840547, SelfUp,
12-21-2022-22-27-20.684,1, 0.0749797,0.041039,842706, SelfUp,
12-21-2022-22-27-20.584,1, 0.184206,0.038983,38739, SelfDown,
12-21-2022-22-27-20.684,1, 0.1166657,0.038983,38739, SelfDown,
12-21-2022-22-27-20.787,1, 0.0350718,0.038754,844301, SelfUp,
12-21-2022-22-27-20.787,1, 0.1319889,0.038885,39664, SelfDown,
12-21-2022-22-27-20.887,1, 0.0350643,0.03857,849418, SelfUp,
12-21-2022-22-27-20.887,1, 0.1138616,0.038565,40310, SelfDown,
12-21-2022-22-27-20.987,1, 0.0712372,0.038493,851359, SelfUp,
12-21-2022-22-27-20.987,1, 0.1187214,0.037475,40686, SelfDown,
12-21-2022-22-27-21.088,1, 0.0404843,0.038403,854011, SelfUp,
12-21-2022-22-27-21.189,1, 0.0882646,0.035731,861261, SelfUp,
12-21-2022-22-27-21.088,1, 0.1944597,0.035558,47753, SelfDown,
12-21-2022-22-27-21.189,1, 0.1090155,0.035558,47753, SelfDown,
12-21-2022-22-27-21.289,1, 0.0399842,0.037539,862926, SelfUp,
12-21-2022-22-27-21.289,1, 0.124692,0.037147,49618, SelfDown,
12-21-2022-22-27-21.390,1, 0.0357218,0.037246,864270, SelfUp,
12-21-2022-22-27-21.390,1, 0.0950975,0.034263,52306, SelfDown,
12-21-2022-22-27-21.490,1, 0.0655052,0.036956,865291, SelfUp,
12-21-2022-22-27-21.490,1, 0.1636202,0.033985,55813, SelfDown,
12-21-2022-22-27-21.597,1, 0.065047,0.035459,867383, SelfUp,
12-21-2022-22-27-21.597,1, 0.1541946,0.035576,57731, SelfDown,
12-21-2022-22-27-21.698,1, 0.0693774,0.036584,870210, SelfUp,
12-21-2022-22-27-21.798,1, 0.0307057,0.036038,871637, SelfUp,
12-21-2022-22-27-21.698,1, 0.1592189,0.034626,60137, SelfDown,
12-21-2022-22-27-21.798,1, 0.0606257,0.034626,60137, SelfDown,
12-21-2022-22-27-21.898,1, 0.0295627,0.031898,878334, SelfUp,
12-21-2022-22-27-21.898,1, 0.0764188,0.037515,42734, SelfDown,
12-21-2022-22-27-21.998,1, 0.0350839,0.031276,885949, SelfUp,
12-21-2022-22-27-21.998,1, 0.0513678,0.033342,44060, SelfDown,
12-21-2022-22-27-22.099,1, 0.0393023,0.038613,889719, SelfUp,
12-21-2022-22-27-22.099,1, 0.0553259,0.039601,45556, SelfDown,
12-21-2022-22-27-22.199,1, 0.0430421,0.045647,893139, SelfUp,
12-21-2022-22-27-22.199,1, 0.1243487,0.043346,46858, SelfDown,
12-21-2022-22-27-22.300,1, 0.0706751,0.041163,895190, SelfUp,
12-21-2022-22-27-22.402,1, 0.0362178,0.038953,897269, SelfUp,
12-21-2022-22-27-22.300,1, 0.1466855,0.038198,51562, SelfDown,
12-21-2022-22-27-22.503,1, 0.0416813,0.038577,903777, SelfUp,
12-21-2022-22-27-22.402,1, 0.211743,0.039234,54082, SelfDown,
12-21-2022-22-27-22.503,1, 0.1111602,0.039234,54082, SelfDown,
12-21-2022-22-27-22.603,1, 0.0376692,0.039979,906490, SelfUp,
12-21-2022-22-27-22.603,1, 0.1646303,0.038264,57583, SelfDown,
12-21-2022-22-27-22.706,1, 0.1124551,0.04021,912210, SelfUp,
12-21-2022-22-27-22.706,1, 0.1266418,0.03996,58589, SelfDown,
12-21-2022-22-27-22.806,1, 0.0539417,0.041861,912549, SelfUp,
12-21-2022-22-27-22.906,1, 0.0388271,0.043873,915248, SelfUp,
12-21-2022-22-27-22.806,1, 0.2188564,0.041478,61225, SelfDown,
12-21-2022-22-27-22.906,1, 0.1197046,0.041478,61225, SelfDown,
12-21-2022-22-27-23.008,1, 0.0400773,0.041673,918273, SelfUp,
12-21-2022-22-27-23.108,1, 0.0442858,0.042156,921955, SelfUp,
12-21-2022-22-27-23.008,1, 0.1938988,0.03736,65772, SelfDown,
12-21-2022-22-27-23.108,1, 0.1442405,0.039631,67619, SelfDown,
12-21-2022-22-27-23.209,1, 0.0909779,0.040964,926270, SelfUp,
12-21-2022-22-27-23.312,1, 0.0409801,0.041008,927924, SelfUp,
12-21-2022-22-27-23.209,1, 0.2472983,0.040131,69568, SelfDown,
12-21-2022-22-27-23.312,1, 0.1447832,0.040131,69568, SelfDown,
12-21-2022-22-27-23.412,1, 0.0463685,0.038505,932180, SelfUp,
12-21-2022-22-27-23.517,1, 0.0451554,0.040077,934125, SelfUp,
12-21-2022-22-27-23.412,1, 0.1729241,0.041507,70779, SelfDown,
12-21-2022-22-27-23.517,1, 0.1167674,0.042489,71276, SelfDown,
12-21-2022-22-27-23.618,1, 0.0812328,0.04059,935428, SelfUp,
12-21-2022-22-27-23.618,1, 0.0944114,0.042677,72091, SelfDown,
12-21-2022-22-27-23.718,1, 0.0931123,0.040065,938365, SelfUp,
12-21-2022-22-27-23.820,1, 0.0474456,0.040807,939989, SelfUp,
12-21-2022-22-27-23.718,1, 0.158657,0.039945,78026, SelfDown,
12-21-2022-22-27-23.820,1, 0.095465,0.038832,79895, SelfDown,
12-21-2022-22-27-23.921,1, 0.0345582,0.037805,942889, SelfUp,
12-21-2022-22-27-23.921,1, 0.0477708,0.035218,84217, SelfDown,
12-21-2022-22-27-24.025,1, 0.0337767,0.03596,946703, SelfUp,
12-21-2022-22-27-24.126,1, 0.0513693,0.04,948911, SelfUp,
12-21-2022-22-27-24.025,1, 0.1587341,0.037019,85871, SelfDown,
12-21-2022-22-27-24.126,1, 0.1773779,0.036484,89052, SelfDown,
12-21-2022-22-27-24.227,1, 0.184427,0.036506,91195, SelfDown,
12-21-2022-22-27-24.331,1, 0.1201084,0.03743,92881, SelfDown,
12-21-2022-22-27-24.331,1, 0.1307579,0.046562,949231, SelfUp,
12-21-2022-22-27-24.227,1, 0.234873,0.046562,949231, SelfUp,
12-21-2022-22-27-24.432,1, 0.0653836,0.048879,949552, SelfUp,
12-21-2022-22-27-24.533,1, 0.0383958,0.03908,953672, SelfUp,
12-21-2022-22-27-24.432,1, 0.2176456,0.036501,95355, SelfDown,
12-21-2022-22-27-24.637,1, 0.0536299,0.045974,957722, SelfUp,
12-21-2022-22-27-24.533,1, 0.2105214,0.039614,66749, SelfDown,
12-21-2022-22-27-24.637,1, 0.1798899,0.037579,67060, SelfDown,
12-21-2022-22-27-24.738,1, 0.0871793,0.037579,67060, SelfDown,
12-21-2022-22-27-24.738,1, 0.0922321,0.037272,962005, SelfUp,
12-21-2022-22-27-24.839,1, 0.0471042,0.038856,963516, SelfUp,
12-21-2022-22-27-24.839,1, 0.1211154,0.043703,68980, SelfDown,
12-21-2022-22-27-24.939,1, 0.068248,0.044337,964419, SelfUp,
12-21-2022-22-27-25.040,1, 0.0644836,0.041296,966219, SelfUp,
12-21-2022-22-27-24.939,1, 0.2103484,0.039163,69623, SelfDown,
12-21-2022-22-27-25.040,1, 0.1121174,0.039163,69623, SelfDown,
12-21-2022-22-27-25.142,1, 0.0453098,0.039805,968597, SelfUp,
12-21-2022-22-27-25.142,1, 0.1384475,0.039869,48849, SelfDown,
12-21-2022-22-27-25.246,1, 0.0739396,0.04169,970655, SelfUp,
12-21-2022-22-27-25.348,1, 0.0359823,0.040406,971533, SelfUp,
12-21-2022-22-27-25.246,1, 0.1977636,0.03915,48852, SelfDown,
12-21-2022-22-27-25.348,1, 0.1258781,0.038761,48853, SelfDown,
12-21-2022-22-27-25.450,1, 0.0367839,0.037141,974144, SelfUp,
12-21-2022-22-27-25.550,1, 0.0342248,0.036397,977289, SelfUp,
12-21-2022-22-27-25.450,1, 0.2324052,0.036201,48869, SelfDown,
12-21-2022-22-27-25.550,1, 0.1332365,0.036201,48869, SelfDown,
12-21-2022-22-27-25.651,1, 0.037063,0.037311,979263, SelfUp,
12-21-2022-22-27-25.752,1, 0.0362513,0.037568,982322, SelfUp,
12-21-2022-22-27-25.651,1, 0.2141956,0.03703,51815, SelfDown,
12-21-2022-22-27-25.855,1, 0.0472571,0.043009,985330, SelfUp,
12-21-2022-22-27-25.752,1, 0.1628733,0.038602,53759, SelfDown,
12-21-2022-22-27-25.956,1, 0.0413633,0.041071,988019, SelfUp,
12-21-2022-22-27-25.855,1, 0.1896038,0.038694,37632, SelfDown,
12-21-2022-22-27-25.956,1, 0.123643,0.038883,37634, SelfDown,
12-21-2022-22-27-26.057,1, 0.0416606,0.040234,991710, SelfUp,
12-21-2022-22-27-26.057,1, 0.1223417,0.036089,37646, SelfDown,
12-21-2022-22-27-26.158,1, 0.0360704,0.036166,996079, SelfUp,
12-21-2022-22-27-26.158,1, 0.119932,0.034546,38052, SelfDown,
12-21-2022-22-27-26.260,1, 0.0358903,0.03526,998593, SelfUp,
12-21-2022-22-27-26.260,1, 0.1225068,0.034565,39817, SelfDown,
12-21-2022-22-27-26.361,1, 0.0386052,0.035424,1000821, SelfUp,
12-21-2022-22-27-26.361,1, 0.0973174,0.035931,41387, SelfDown,
12-21-2022-22-27-26.461,1, 0.0415762,0.037897,1002045, SelfUp,
12-21-2022-22-27-26.561,1, 0.053154,0.044342,1005421, SelfUp,
12-21-2022-22-27-26.461,1, 0.1983494,0.041131,43615, SelfDown,
12-21-2022-22-27-26.561,1, 0.1449032,0.03697,45818, SelfDown,
12-21-2022-22-27-26.663,1, 0.0941432,0.037434,47152, SelfDown,
12-21-2022-22-27-26.763,1, 0.0921187,0.03457,50296, SelfDown,
12-21-2022-22-27-26.663,1, 0.3162093,0.040121,1007316, SelfUp,
12-21-2022-22-27-26.863,1, 0.1210734,0.034236,53230, SelfDown,
12-21-2022-22-27-26.763,1, 0.2484957,0.038705,1007551, SelfUp,
12-21-2022-22-27-26.863,1, 0.148369,0.038705,1007551, SelfUp,
12-21-2022-22-27-26.964,1, 0.0477565,0.038705,1007551, SelfUp,
12-21-2022-22-27-26.964,1, 0.048479,0.03359,54144, SelfDown,
12-21-2022-22-27-27.064,1, 0.0499857,0.031839,58676, SelfDown,
12-21-2022-22-27-27.064,1, 0.0543546,0.036332,1010804, SelfUp,
12-21-2022-22-27-27.165,1, 0.0476495,0.039039,1011719, SelfUp,
12-21-2022-22-27-27.165,1, 0.0563554,0.038104,58693, SelfDown,
12-21-2022-22-27-27.265,1, 0.0425679,0.043774,1013532, SelfUp,
12-21-2022-22-27-27.365,1, 0.084835,0.041684,710569, SelfUp,
12-21-2022-22-27-27.466,1, 0.034549,0.038527,710574, SelfUp,
12-21-2022-22-27-27.566,1, 0.0538186,0.040676,710577, SelfUp,
12-21-2022-22-27-27.666,1, 0.0488712,0.040674,710583, SelfUp,
12-21-2022-22-27-27.766,1, 0.0394917,0.039831,497411, SelfUp,
12-21-2022-22-27-27.666,1, 0.2769433,0.044787,16030, SelfDown,
12-21-2022-22-27-27.766,1, 0.1769172,0.044787,16030, SelfDown,
12-21-2022-22-27-27.466,1, 0.5201743,0.043817,16450, SelfDown,
12-21-2022-22-27-27.365,1, 0.6196338,0.043817,16450, SelfDown,
12-21-2022-22-27-27.566,1, 0.419789,0.043817,16450, SelfDown,
12-21-2022-22-27-27.265,1, 0.7207819,0.043817,16450, SelfDown,
12-21-2022-22-27-27.866,1, 0.2629226,0.042511,17504, SelfDown,
12-21-2022-22-27-27.967,1, 0.2407505,0.041896,20411, SelfDown,
12-21-2022-22-27-28.068,1, 0.1443661,0.041896,20411, SelfDown,
12-21-2022-22-27-27.866,1, 0.3829706,0.047124,497424, SelfUp,
12-21-2022-22-27-28.169,1, 0.1140084,0.039614,25871, SelfDown,
12-21-2022-22-27-28.269,1, 0.1856345,0.037915,28763, SelfDown,
12-21-2022-22-27-28.369,1, 0.1371092,0.038948,28764, SelfDown,
12-21-2022-22-27-28.469,1, 0.1498959,0.03707,28772, SelfDown,
12-21-2022-22-27-27.967,1, 0.657702,0.047096,497428, SelfUp,
12-21-2022-22-27-28.068,1, 0.556129,0.047096,497428, SelfUp,
12-21-2022-22-27-28.169,1, 0.4552774,0.047096,497428, SelfUp,
12-21-2022-22-27-28.269,1, 0.3552372,0.047096,497428, SelfUp,
12-21-2022-22-27-28.369,1, 0.2990508,0.047096,497428, SelfUp,
12-21-2022-22-27-28.469,1, 0.1989238,0.047096,497428, SelfUp,
12-21-2022-22-27-28.570,1, 0.0984934,0.047096,497428, SelfUp,
12-21-2022-22-27-28.671,1, 0.059132,0.048554,497442, SelfUp,
12-21-2022-22-27-28.570,1, 0.1923531,0.044652,28780, SelfDown,
12-21-2022-22-27-28.771,1, 0.0463979,0.049161,497483, SelfUp,
12-21-2022-22-27-28.871,1, 0.0447526,0.04446,497674, SelfUp,
12-21-2022-22-27-28.972,1, 0.0491812,0.044909,498011, SelfUp,
12-21-2022-22-27-28.771,1, 0.2962588,0.044652,14560, SelfDown,
12-21-2022-22-27-28.871,1, 0.1959314,0.044652,14560, SelfDown,
12-21-2022-22-27-28.671,1, 0.3963069,0.044652,14560, SelfDown,
12-21-2022-22-27-28.972,1, 0.1155702,0.045439,14562, SelfDown,
12-21-2022-22-27-29.072,1, 0.0495971,0.047474,498335, SelfUp,
12-21-2022-22-27-29.172,1, 0.0518867,0.045151,498894, SelfUp,
12-21-2022-22-27-29.072,1, 0.1968809,0.043809,14567, SelfDown,
12-21-2022-22-27-29.273,1, 0.0503432,0.046832,499442, SelfUp,
12-21-2022-22-27-29.172,1, 0.1897091,0.044483,14560, SelfDown,
12-21-2022-22-27-29.273,1, 0.2630169,0.041523,14564, SelfDown,
12-21-2022-22-27-29.374,1, 0.1781263,0.041523,14564, SelfDown,
12-21-2022-22-27-29.374,1, 0.1911269,0.045174,499895, SelfUp,
12-21-2022-22-27-29.475,1, 0.0901638,0.045174,499895, SelfUp,
12-21-2022-22-27-29.475,1, 0.2025169,0.042528,15239, SelfDown,
12-21-2022-22-27-29.576,1, 0.228708,0.038885,18736, SelfDown,
12-21-2022-22-27-29.676,1, 0.280677,0.038746,21117, SelfDown,
12-21-2022-22-27-29.776,1, 0.2080086,0.038746,21117, SelfDown,
12-21-2022-22-27-29.877,1, 0.1132551,0.038746,21117, SelfDown,
12-21-2022-22-27-29.978,1, 0.131754,0.036868,24413, SelfDown,
12-21-2022-22-27-30.078,1, 0.0891023,0.037735,26382, SelfDown,
12-21-2022-22-27-30.185,1, 0.1635345,0.038373,28967, SelfDown,
12-21-2022-22-27-29.576,1, 0.8473277,0.042105,502261, SelfUp,
12-21-2022-22-27-30.285,1, 0.1616571,0.037023,31632, SelfDown,
12-21-2022-22-27-29.676,1, 0.7789653,0.042105,502261, SelfUp,
12-21-2022-22-27-29.776,1, 0.6788253,0.042105,502261, SelfUp,
12-21-2022-22-27-29.877,1, 0.5783786,0.042105,502261, SelfUp,
12-21-2022-22-27-29.978,1, 0.4778892,0.042105,502261, SelfUp,
12-21-2022-22-27-30.078,1, 0.3778449,0.042105,502261, SelfUp,
12-21-2022-22-27-30.285,1, 0.1702899,0.042105,502261, SelfUp,
12-21-2022-22-27-30.185,1, 0.2710582,0.042105,502261, SelfUp,
12-21-2022-22-27-30.387,1, 0.068278,0.042105,502261, SelfUp,
12-21-2022-22-27-30.488,1, 0.0370832,0.044467,502645, SelfUp,
12-21-2022-22-27-30.387,1, 0.1602169,0.036281,34137, SelfDown,
12-21-2022-22-27-30.488,1, 0.1224961,0.036997,35367, SelfDown,
12-21-2022-22-27-30.589,1, 0.0705644,0.04096,503618, SelfUp,
12-21-2022-22-27-30.589,1, 0.1828812,0.037498,37476, SelfDown,
12-21-2022-22-27-30.689,1, 0.1737904,0.042924,504030, SelfUp,
12-21-2022-22-27-30.793,1, 0.0702628,0.042924,504030, SelfUp,
12-21-2022-22-27-30.689,1, 0.1891298,0.035967,41293, SelfDown,
12-21-2022-22-27-30.793,1, 0.1231922,0.035129,42271, SelfDown,
12-21-2022-22-27-30.894,1, 0.043088,0.042187,505090, SelfUp,
12-21-2022-22-27-30.894,1, 0.0548923,0.036893,43044, SelfDown,
12-21-2022-22-27-30.994,1, 0.0412907,0.045239,506577, SelfUp,
12-21-2022-22-27-31.095,1, 0.0865079,0.046754,507643, SelfUp,
12-21-2022-22-27-31.195,1, 0.0429364,0.042872,508514, SelfUp,
12-21-2022-22-27-30.994,1, 0.2867149,0.039254,31111, SelfDown,
12-21-2022-22-27-31.095,1, 0.1895926,0.039254,31111, SelfDown,
12-21-2022-22-27-31.195,1, 0.1561247,0.036485,35143, SelfDown,
12-21-2022-22-27-31.295,1, 0.0928888,0.034372,512362, SelfUp,
12-21-2022-22-27-31.395,1, 0.0355955,0.035546,513418, SelfUp,
12-21-2022-22-27-31.295,1, 0.1779349,0.036406,37140, SelfDown,
12-21-2022-22-27-31.395,1, 0.0824144,0.036406,37140, SelfDown,
12-21-2022-22-27-31.496,1, 0.161577,0.039555,40323, SelfDown,
12-21-2022-22-27-31.599,1, 0.117893,0.038465,42054, SelfDown,
12-21-2022-22-27-31.700,1, 0.2067154,0.038242,44572, SelfDown,
12-21-2022-22-27-31.802,1, 0.1175215,0.038242,44572, SelfDown,
12-21-2022-22-27-31.904,1, 0.0970788,0.040814,32357, SelfDown,
12-21-2022-22-27-31.496,1, 0.5120602,0.038273,360705, SelfUp,
12-21-2022-22-27-31.599,1, 0.4086931,0.038273,360705, SelfUp,
12-21-2022-22-27-31.700,1, 0.3076833,0.038273,360705, SelfUp,
12-21-2022-22-27-31.802,1, 0.2058334,0.038273,360705, SelfUp,
12-21-2022-22-27-31.904,1, 0.1044262,0.038273,360705, SelfUp,
12-21-2022-22-27-32.004,1, 0.030237,0.037258,360706, SelfUp,
12-21-2022-22-27-32.004,1, 0.0768326,0.037836,33582, SelfDown,
12-21-2022-22-27-32.104,1, 0.0430242,0.039161,252501, SelfUp,
12-21-2022-22-27-32.104,1, 0.0961568,0.041655,16660, SelfDown,
12-21-2022-22-27-32.205,1, 0.0960871,0.041655,16660, SelfDown,
12-21-2022-22-27-32.205,1, 0.1071219,0.042223,252512, SelfUp,
12-21-2022-22-27-32.305,1, 0.0447971,0.041966,252514, SelfUp,
12-21-2022-22-27-32.305,1, 0.2215425,0.039023,17915, SelfDown,
12-21-2022-22-27-32.406,1, 0.3132313,0.039648,21824, SelfDown,
12-21-2022-22-27-32.406,1, 0.3389573,0.050545,252536, SelfUp,
12-21-2022-22-27-32.508,1, 0.2524053,0.040003,23531, SelfDown,
12-21-2022-22-27-32.508,1, 0.2723197,0.047827,252538, SelfUp,
12-21-2022-22-27-32.609,1, 0.1719518,0.047827,252538, SelfUp,
12-21-2022-22-27-32.709,1, 0.0718831,0.047827,252538, SelfUp,
12-21-2022-22-27-32.609,1, 0.2329794,0.04019,24334, SelfDown,
12-21-2022-22-27-32.709,1, 0.1846361,0.040673,25771, SelfDown,
12-21-2022-22-27-32.910,1, 0.0644916,0.052089,252616, SelfUp,
12-21-2022-22-27-32.809,1, 0.1650147,0.052089,252616, SelfUp,
12-21-2022-22-27-32.809,1, 0.2927685,0.038129,29508, SelfDown,
12-21-2022-22-27-32.910,1, 0.1922454,0.038129,29508, SelfDown,
12-21-2022-22-27-33.010,1, 0.1071536,0.038129,29508, SelfDown,
12-21-2022-22-27-33.110,1, 0.0663477,0.038861,22211, SelfDown,
12-21-2022-22-27-33.210,1, 0.2371482,0.040693,26709, SelfDown,
12-21-2022-22-27-33.312,1, 0.1503934,0.040693,26709, SelfDown,
12-21-2022-22-27-33.413,1, 0.1395961,0.038324,28920, SelfDown,
12-21-2022-22-27-33.514,1, 0.2224279,0.037713,32807, SelfDown,
12-21-2022-22-27-33.615,1, 0.1433261,0.037421,33211, SelfDown,
12-21-2022-22-27-33.010,1, 0.7908088,0.048673,253634, SelfUp,
12-21-2022-22-27-33.210,1, 0.6588896,0.040913,254708, SelfUp,
12-21-2022-22-27-33.110,1, 0.7592861,0.040913,254708, SelfUp,
12-21-2022-22-27-33.413,1, 0.4563046,0.040913,254708, SelfUp,
12-21-2022-22-27-33.514,1, 0.3556927,0.040913,254708, SelfUp,
12-21-2022-22-27-33.721,1, 0.148392,0.040913,254708, SelfUp,
12-21-2022-22-27-33.312,1, 0.5569945,0.040913,254708, SelfUp,
12-21-2022-22-27-33.615,1, 0.2544204,0.040913,254708, SelfUp,
12-21-2022-22-27-33.823,1, 0.0465804,0.040913,254708, SelfUp,
12-21-2022-22-27-33.721,1, 0.2355926,0.037238,37114, SelfDown,
12-21-2022-22-27-33.924,1, 0.0432012,0.040124,256558, SelfUp,
12-21-2022-22-27-33.823,1, 0.1683533,0.036408,38310, SelfDown,
12-21-2022-22-27-33.924,1, 0.1161027,0.035748,39575, SelfDown,
12-21-2022-22-27-34.024,1, 0.0297441,0.031739,258970, SelfUp,
12-21-2022-22-27-34.024,1, 0.1380042,0.038922,41210, SelfDown,
12-21-2022-22-27-34.124,1, 0.0465375,0.039151,260459, SelfUp,
12-21-2022-22-27-34.225,1, 0.0378853,0.042068,262094, SelfUp,
12-21-2022-22-27-34.124,1, 0.211867,0.04189,28930, SelfDown,
12-21-2022-22-27-34.328,1, 0.0350503,0.038674,264414, SelfUp,
12-21-2022-22-27-34.225,1, 0.1668163,0.040471,29195, SelfDown,
12-21-2022-22-27-34.328,1, 0.0918237,0.040446,29340, SelfDown,
12-21-2022-22-27-34.428,1, 0.040826,0.039162,266400, SelfUp,
12-21-2022-22-27-34.529,1, 0.0374615,0.037886,267518, SelfUp,
12-21-2022-22-27-34.428,1, 0.1605207,0.037852,35360, SelfDown,
12-21-2022-22-27-34.529,1, 0.1884832,0.036391,37876, SelfDown,
12-21-2022-22-27-34.630,1, 0.1601257,0.04623,269713, SelfUp,
12-21-2022-22-27-34.730,1, 0.0598174,0.04623,269713, SelfUp,
12-21-2022-22-27-34.630,1, 0.1749716,0.037789,39647, SelfDown,
12-21-2022-22-27-34.730,1, 0.1589883,0.036902,40840, SelfDown,
12-21-2022-22-27-34.933,1, 0.0809773,0.040609,271135, SelfUp,
12-21-2022-22-27-34.831,1, 0.1830128,0.040609,271135, SelfUp,
12-21-2022-22-27-34.831,1, 0.2086797,0.036886,44015, SelfDown,
12-21-2022-22-27-35.033,1, 0.0300345,0.038396,271866, SelfUp,
12-21-2022-22-27-34.933,1, 0.1406179,0.035382,45828, SelfDown,
12-21-2022-22-27-35.033,1, 0.1516939,0.036919,46826, SelfDown,
12-21-2022-22-27-35.134,1, 0.0695474,0.038396,272015, SelfUp,
12-21-2022-22-27-35.234,1, 0.0762086,0.0422,272915, SelfUp,
12-21-2022-22-27-35.134,1, 0.1939674,0.036424,50501, SelfDown,
12-21-2022-22-27-35.234,1, 0.1253596,0.036424,50501, SelfDown,
12-21-2022-22-27-35.334,1, 0.1735326,0.03663,274105, SelfUp,
12-21-2022-22-27-35.436,1, 0.0721075,0.03663,274105, SelfUp,
12-21-2022-22-27-35.334,1, 0.2254927,0.036338,54641, SelfDown,
12-21-2022-22-27-35.436,1, 0.1335102,0.036338,54641, SelfDown,
12-21-2022-22-27-35.536,1, 0.0824777,0.03646,276550, SelfUp,
12-21-2022-22-27-35.536,1, 0.1190105,0.03594,57095, SelfDown,
12-21-2022-22-27-35.637,1, 0.0368729,0.036168,276968, SelfUp,
12-21-2022-22-27-35.637,1, 0.196214,0.03524,41087, SelfDown,
12-21-2022-22-27-35.738,1, 0.1715369,0.045482,194548, SelfUp,
12-21-2022-22-27-35.738,1, 0.2304705,0.03524,28760, SelfDown,
12-21-2022-22-27-35.838,1, 0.1561203,0.045482,136183, SelfUp,
12-21-2022-22-27-35.938,1, 0.0555651,0.045482,136183, SelfUp,
12-21-2022-22-27-35.838,1, 0.2389426,0.038595,28762, SelfDown,
12-21-2022-22-27-35.938,1, 0.1592128,0.038595,28762, SelfDown,
12-21-2022-22-27-36.042,1, 0.0930823,0.046279,95330, SelfUp,
12-21-2022-22-27-36.142,1, 0.0403346,0.044769,95333, SelfUp,
12-21-2022-22-27-36.246,1, 0.0761699,0.036392,95345, SelfUp,
12-21-2022-22-27-36.347,1, 0.0319919,0.035295,95353, SelfUp,
12-21-2022-22-27-36.448,1, 0.0345264,0.034964,95365, SelfUp,
12-21-2022-22-27-36.548,1, 0.0417412,0.036617,95374, SelfUp,
12-21-2022-22-27-36.246,1, 0.3877465,0.038809,20139, SelfDown,
12-21-2022-22-27-36.142,1, 0.4914096,0.038809,20139, SelfDown,
12-21-2022-22-27-36.448,1, 0.1861866,0.038809,20139, SelfDown,
12-21-2022-22-27-36.347,1, 0.286693,0.038809,20139, SelfDown,
12-21-2022-22-27-36.042,1, 0.6840236,0.039307,20541, SelfDown,
12-21-2022-22-27-36.548,1, 0.2177851,0.038785,22011, SelfDown,
12-21-2022-22-27-36.648,1, 0.1422171,0.037873,22491, SelfDown,
12-21-2022-22-27-36.748,1, 0.0672877,0.037725,95441, SelfUp,
12-21-2022-22-27-36.648,1, 0.1675065,0.037725,95441, SelfUp,
12-21-2022-22-27-36.748,1, 0.1679386,0.035446,25526, SelfDown,
12-21-2022-22-27-36.849,1, 0.0729198,0.035731,95801, SelfUp,
12-21-2022-22-27-36.949,1, 0.0377555,0.036521,96157, SelfUp,
12-21-2022-22-27-36.849,1, 0.1383049,0.034998,27111, SelfDown,
12-21-2022-22-27-36.949,1, 0.1856319,0.037052,28699, SelfDown,
12-21-2022-22-27-37.050,1, 0.1299704,0.03634,30611, SelfDown,
12-21-2022-22-27-37.152,1, 0.1334845,0.034068,32333, SelfDown,
12-21-2022-22-27-37.256,1, 0.0923412,0.032969,35061, SelfDown,
12-21-2022-22-27-37.458,1, 0.1809288,0.034676,26248, SelfDown,
12-21-2022-22-27-37.357,1, 0.2819719,0.034676,26248, SelfDown,
12-21-2022-22-27-37.558,1, 0.1138706,0.033897,28977, SelfDown,
12-21-2022-22-27-37.659,1, 0.1618379,0.034671,32000, SelfDown,
12-21-2022-22-27-37.050,1, 0.8177953,0.039732,68144, SelfUp,
12-21-2022-22-27-37.760,1, 0.1236786,0.03658,32797, SelfDown,
12-21-2022-22-27-37.152,1, 0.7511847,0.039732,47700, SelfUp,
12-21-2022-22-27-37.357,1, 0.5463905,0.039732,47700, SelfUp,
12-21-2022-22-27-37.256,1, 0.6471998,0.039732,47700, SelfUp,
12-21-2022-22-27-37.659,1, 0.2440863,0.039732,47700, SelfUp,
12-21-2022-22-27-37.558,1, 0.3451328,0.039732,47700, SelfUp,
12-21-2022-22-27-37.458,1, 0.4453474,0.039732,47700, SelfUp,
12-21-2022-22-27-37.760,1, 0.1428891,0.039732,47700, SelfUp,
12-21-2022-22-27-37.864,1, 0.0691045,0.039732,47700, SelfUp,
12-21-2022-22-27-37.964,1, 0.0400377,0.037312,47707, SelfUp,
12-21-2022-22-27-37.864,1, 0.2142843,0.037538,22963, SelfDown,
12-21-2022-22-27-37.964,1, 0.1532106,0.037253,22965, SelfDown,
12-21-2022-22-27-38.064,1, 0.0531787,0.037037,47716, SelfUp,
12-21-2022-22-27-38.064,1, 0.1612079,0.036455,24234, SelfDown,
12-21-2022-22-27-38.165,1, 0.1471273,0.036142,26252, SelfDown,
12-21-2022-22-27-38.266,1, 0.0678613,0.035605,47751, SelfUp,
12-21-2022-22-27-38.165,1, 0.1688549,0.035605,47751, SelfUp,
12-21-2022-22-27-38.368,1, 0.0452249,0.037529,50170, SelfUp,
12-21-2022-22-27-38.266,1, 0.2075845,0.037118,29381, SelfDown,
12-21-2022-22-27-38.368,1, 0.1194236,0.037118,29381, SelfDown,
12-21-2022-22-27-38.468,1, 0.1049286,0.039971,52216, SelfUp,
12-21-2022-22-27-38.569,1, 0.0444376,0.04052,53071, SelfUp,
12-21-2022-22-27-38.468,1, 0.1856242,0.039783,32157, SelfDown,
12-21-2022-22-27-38.569,1, 0.1057629,0.03952,32367, SelfDown,
12-21-2022-22-27-38.872,1, 0.1564375,0.037509,15862, SelfDown,
12-21-2022-22-27-38.772,1, 0.3066953,0.037608,15866, SelfDown,
12-21-2022-22-27-38.670,1, 0.4082489,0.037608,15866, SelfDown,
12-21-2022-22-27-38.972,1, 0.1687642,0.041776,15936, SelfDown,
12-21-2022-22-27-38.670,1, 0.5787237,0.040886,26538, SelfUp,
12-21-2022-22-27-38.872,1, 0.3771406,0.040886,26538, SelfUp,
12-21-2022-22-27-38.772,1, 0.4771701,0.040886,26538, SelfUp,
12-21-2022-22-27-39.174,1, 0.0741913,0.040886,26538, SelfUp,
12-21-2022-22-27-38.972,1, 0.2768128,0.040886,26538, SelfUp,
12-21-2022-22-27-39.072,1, 0.1766843,0.040886,26538, SelfUp,
12-21-2022-22-27-39.072,1, 0.2013976,0.042061,17403, SelfDown,
12-21-2022-22-27-39.174,1, 0.1468961,0.042382,19072, SelfDown,
12-21-2022-22-27-39.275,1, 0.067272,0.042899,26545, SelfUp,
12-21-2022-22-27-39.275,1, 0.2699503,0.04442,14565, SelfDown,
12-21-2022-22-27-39.375,1, 0.1744981,0.04442,14565, SelfDown,
12-21-2022-22-27-39.375,1, 0.1870795,0.046357,26554, SelfUp,
12-21-2022-22-27-39.475,1, 0.0866666,0.046357,26554, SelfUp,
12-21-2022-22-27-39.575,1, 0.0673758,0.044032,26557, SelfUp,
12-21-2022-22-27-39.475,1, 0.1714944,0.043826,15056, SelfDown,
12-21-2022-22-27-39.575,1, 0.1947997,0.04301,17552, SelfDown,
12-21-2022-22-27-39.676,1, 0.1512633,0.043845,18471, SelfDown,
12-21-2022-22-27-39.776,1, 0.27709,0.044437,14561, SelfDown,
12-21-2022-22-27-40.076,1, 0.3258375,0.045464,14563, SelfDown,
12-21-2022-22-27-40.176,1, 0.2254773,0.045464,14563, SelfDown,
12-21-2022-22-27-39.977,1, 0.4253482,0.045464,14563, SelfDown,
12-21-2022-22-27-39.876,1, 0.6096378,0.045501,14568, SelfDown,
12-21-2022-22-27-40.278,1, 0.2386281,0.044552,14569, SelfDown,
12-21-2022-22-27-40.379,1, 0.1906427,0.041312,14572, SelfDown,
12-21-2022-22-27-40.479,1, 0.2436286,0.037802,17419, SelfDown,
12-21-2022-22-27-40.581,1, 0.1763704,0.036978,18207, SelfDown,
12-21-2022-22-27-40.681,1, 0.1619232,0.03685,19832, SelfDown,
12-21-2022-22-27-40.781,1, 0.1603655,0.036501,21891, SelfDown,
12-21-2022-22-27-40.882,1, 0.1429622,0.035961,23951, SelfDown,
12-21-2022-22-27-40.982,1, 0.1419041,0.038794,25014, SelfDown,
12-21-2022-22-27-39.676,1, 1.4934717,0.04542,6919, SelfUp,
12-21-2022-22-27-39.776,1, 1.4402611,0.045508,8408, SelfUp,
12-21-2022-22-27-39.977,1, 1.2395241,0.045508,8408, SelfUp,
12-21-2022-22-27-39.876,1, 1.3401605,0.045508,8408, SelfUp,
12-21-2022-22-27-40.176,1, 1.0396532,0.045508,8408, SelfUp,
12-21-2022-22-27-40.278,1, 0.9379583,0.045508,8408, SelfUp,
12-21-2022-22-27-40.076,1, 1.1400134,0.045508,8408, SelfUp,
12-21-2022-22-27-40.479,1, 0.7370597,0.045508,8408, SelfUp,
12-21-2022-22-27-40.581,1, 0.6352227,0.045508,8408, SelfUp,
12-21-2022-22-27-40.379,1, 0.8373529,0.045508,8408, SelfUp,
12-21-2022-22-27-40.681,1, 0.5351773,0.045508,8408, SelfUp,
12-21-2022-22-27-40.781,1, 0.4350637,0.045508,8408, SelfUp,
12-21-2022-22-27-40.882,1, 0.3341597,0.045508,8408, SelfUp,
12-21-2022-22-27-40.982,1, 0.2336023,0.045508,8408, SelfUp,
12-21-2022-22-27-41.083,1, 0.1332699,0.045508,8408, SelfUp,
12-21-2022-22-27-41.083,1, 0.1915891,0.043782,25021, SelfDown,
12-21-2022-22-27-41.183,1, 0.16127,0.043271,26533, SelfDown,
12-21-2022-22-27-41.183,1, 0.2667595,0.041012,13249, SelfUp,
12-21-2022-22-27-41.284,1, 0.1665096,0.041012,13249, SelfUp,
12-21-2022-22-27-41.284,1, 0.1883763,0.040099,30409, SelfDown,
12-21-2022-22-27-41.485,1, 0.0835657,0.040052,15664, SelfUp,
12-21-2022-22-27-41.384,1, 0.184339,0.040052,15664, SelfUp,
12-21-2022-22-27-41.384,1, 0.2122898,0.039654,33261, SelfDown,
12-21-2022-22-27-41.485,1, 0.2256596,0.040507,34609, SelfDown,
12-21-2022-22-27-41.585,1, 0.1247232,0.040507,34609, SelfDown,
12-21-2022-22-27-41.686,1, 0.0538545,0.04173,18363, SelfUp,
12-21-2022-22-27-41.585,1, 0.1542631,0.04173,18363, SelfUp,
12-21-2022-22-27-41.686,1, 0.1545655,0.041666,36399, SelfDown,
12-21-2022-22-27-41.787,1, 0.0965687,0.042825,19876, SelfUp,
12-21-2022-22-27-41.787,1, 0.2238608,0.046726,36411, SelfDown,
12-21-2022-22-27-41.887,1, 0.1778034,0.046721,36925, SelfDown,
12-21-2022-22-27-41.987,1, 0.2166627,0.04675,39125, SelfDown,
12-21-2022-22-27-42.088,1, 0.2022864,0.042822,43660, SelfDown,
12-21-2022-22-27-42.188,1, 0.1852895,0.038176,48840, SelfDown,
12-21-2022-22-27-42.389,1, 0.2451416,0.036358,56461, SelfDown,
12-21-2022-22-27-42.288,1, 0.3644406,0.036358,56461, SelfDown,
12-21-2022-22-27-42.491,1, 0.2450762,0.036002,58541, SelfDown,
12-21-2022-22-27-42.591,1, 0.2255004,0.036807,60908, SelfDown,
12-21-2022-22-27-42.692,1, 0.1720749,0.038648,60910, SelfDown,
12-21-2022-22-27-42.792,1, 0.2655245,0.04009,29908, SelfDown,
12-21-2022-22-27-42.992,1, 0.1832403,0.039774,29913, SelfDown,
12-21-2022-22-27-41.987,1, 1.1949828,0.044614,4746, SelfUp,
12-21-2022-22-27-41.887,1, 1.2951175,0.044614,4746, SelfUp,
12-21-2022-22-27-42.892,1, 0.3774782,0.040733,20939, SelfDown,
12-21-2022-22-27-43.092,1, 0.2168834,0.040566,20940, SelfDown,
12-21-2022-22-27-43.193,1, 0.1892404,0.039699,20945, SelfDown,
12-21-2022-22-27-43.293,1, 0.2752489,0.039882,23430, SelfDown,
12-21-2022-22-27-43.394,1, 0.2284963,0.040439,24704, SelfDown,
12-21-2022-22-27-43.494,1, 0.2308659,0.039906,26878, SelfDown,
12-21-2022-22-27-42.088,1, 1.6707665999999999,0.04226,5889, SelfUp,
12-21-2022-22-27-42.188,1, 1.5707442,0.04226,5889, SelfUp,
12-21-2022-22-27-42.288,1, 1.4701895,0.04226,5889, SelfUp,
12-21-2022-22-27-42.491,1, 1.2676487,0.04226,5889, SelfUp,
12-21-2022-22-27-42.389,1, 1.3693315,0.04226,5889, SelfUp,
12-21-2022-22-27-42.591,1, 1.1676224,0.04226,5889, SelfUp,
12-21-2022-22-27-42.692,1, 1.066673,0.04226,5889, SelfUp,
12-21-2022-22-27-42.792,1, 0.9665369,0.04226,5889, SelfUp,
12-21-2022-22-27-42.992,1, 0.7659909,0.04226,5889, SelfUp,
12-21-2022-22-27-42.892,1, 0.8663146,0.04226,5889, SelfUp,
12-21-2022-22-27-43.092,1, 0.6659036,0.04226,5889, SelfUp,
12-21-2022-22-27-43.193,1, 0.5659076,0.04226,5889, SelfUp,
12-21-2022-22-27-43.293,1, 0.4655569,0.04226,5889, SelfUp,
12-21-2022-22-27-43.594,1, 0.2226282,0.038271,28895, SelfDown,
12-21-2022-22-27-43.694,1, 0.1955568,0.036606,31089, SelfDown,
12-21-2022-22-27-43.394,1, 0.6139274,0.037253,9803, SelfUp,
12-21-2022-22-27-43.494,1, 0.5135475,0.037253,9803, SelfUp,
12-21-2022-22-27-43.694,1, 0.3127061,0.037253,9803, SelfUp,
12-21-2022-22-27-43.594,1, 0.4132908,0.037253,9803, SelfUp,
12-21-2022-22-27-43.794,1, 0.2131416,0.037253,9803, SelfUp,
12-21-2022-22-27-43.895,1, 0.1124531,0.037253,9803, SelfUp,
12-21-2022-22-27-43.794,1, 0.2162071,0.036882,32580, SelfDown,
12-21-2022-22-27-43.895,1, 0.2536991,0.040048,34600, SelfDown,
12-21-2022-22-27-43.996,1, 0.2374366,0.040048,34600, SelfDown,
12-21-2022-22-27-44.096,1, 0.1569597,0.043365,13203, SelfUp,
12-21-2022-22-27-43.996,1, 0.2584623,0.043365,13203, SelfUp,
12-21-2022-22-27-44.298,1, 0.1261432,0.042916,16372, SelfUp,
12-21-2022-22-27-44.197,1, 0.2267173,0.042916,16372, SelfUp,
12-21-2022-22-27-44.398,1, 0.1180063,0.038345,19487, SelfUp,
12-21-2022-22-27-44.096,1, 0.4412618,0.040048,24220, SelfDown,
12-21-2022-22-27-44.197,1, 0.7015748,0.040825,14565, SelfDown,
12-21-2022-22-27-44.398,1, 0.5108403,0.041684,14566, SelfDown,
12-21-2022-22-27-44.298,1, 0.6112047,0.041684,14566, SelfDown,
12-21-2022-22-27-44.499,1, 0.4103819,0.041684,14566, SelfDown,
12-21-2022-22-27-44.599,1, 0.3103482,0.041684,14566, SelfDown,
12-21-2022-22-27-44.499,1, 0.4241194,0.038589,15490, SelfUp,
12-21-2022-22-27-44.699,1, 0.2238245,0.038589,15490, SelfUp,
12-21-2022-22-27-44.599,1, 0.3240857,0.038589,15490, SelfUp,
12-21-2022-22-27-44.800,1, 0.1225955,0.038589,15490, SelfUp,
12-21-2022-22-27-44.901,1, 0.1382747,0.039067,16499, SelfUp,
12-21-2022-22-27-44.699,1, 0.3597091,0.041164,14571, SelfDown,
12-21-2022-22-27-44.800,1, 0.2813542,0.041164,14571, SelfDown,
12-21-2022-22-27-45.003,1, 0.1442024,0.036772,19930, SelfUp,
12-21-2022-22-27-45.103,1, 0.0439525,0.036772,19930, SelfUp,
12-21-2022-22-27-44.901,1, 0.2729396,0.038397,14575, SelfDown,
12-21-2022-22-27-45.204,1, 0.0722079,0.033999,22238, SelfUp,
12-21-2022-22-27-45.003,1, 0.3137674,0.037159,14579, SelfDown,
12-21-2022-22-27-45.103,1, 0.2631176,0.038097,14582, SelfDown,
12-21-2022-22-27-45.304,1, 0.1222389,0.035177,25140, SelfUp,
12-21-2022-22-27-45.404,1, 0.053525,0.036719,26254, SelfUp,
12-21-2022-22-27-45.204,1, 0.2588346,0.035524,17036, SelfDown,
12-21-2022-22-27-45.304,1, 0.26433,0.034838,19555, SelfDown,
12-21-2022-22-27-45.505,1, 0.091511,0.036747,29062, SelfUp,
12-21-2022-22-27-45.404,1, 0.2544314,0.037448,20507, SelfDown,
12-21-2022-22-27-45.606,1, 0.0743077,0.042568,29152, SelfUp,
12-21-2022-22-27-45.707,1, 0.0442004,0.039949,30454, SelfUp,
12-21-2022-22-27-45.807,1, 0.0439281,0.039838,32614, SelfUp,
12-21-2022-22-27-45.505,1, 0.4031365,0.038056,14816, SelfDown,
12-21-2022-22-27-45.606,1, 0.3029969,0.038056,14816, SelfDown,
12-21-2022-22-27-45.707,1, 0.2281977,0.038056,14816, SelfDown,
12-21-2022-22-27-45.907,1, 0.1260961,0.039331,23993, SelfUp,
12-21-2022-22-27-45.807,1, 0.2483541,0.037721,14561, SelfDown,
12-21-2022-22-27-46.008,1, 0.0831609,0.035801,24617, SelfUp,
12-21-2022-22-27-46.008,1, 0.2512212,0.034327,16521, SelfDown,
12-21-2022-22-27-46.111,1, 0.1789243,0.034203,28582, SelfUp,
12-21-2022-22-27-46.212,1, 0.0785618,0.034203,28582, SelfUp,
12-21-2022-22-27-45.907,1, 0.4668041,0.036079,18108, SelfDown,
12-21-2022-22-27-46.111,1, 0.3057476,0.036079,18108, SelfDown,
12-21-2022-22-27-46.312,1, 0.107941,0.035664,30944, SelfUp,
12-21-2022-22-27-46.212,1, 0.2632347,0.036079,14560, SelfDown,
12-21-2022-22-27-46.413,1, 0.0893681,0.035664,21660, SelfUp,
12-21-2022-22-27-46.312,1, 0.3163448,0.037623,14564, SelfDown,
12-21-2022-22-27-46.514,1, 0.2332625,0.035482,15269, SelfDown,
12-21-2022-22-27-46.413,1, 0.3338354,0.035482,15269, SelfDown,
12-21-2022-22-27-46.614,1, 0.2723299,0.033112,18712, SelfDown,
12-21-2022-22-27-46.815,1, 0.24776,0.031474,23488, SelfDown,
12-21-2022-22-27-46.715,1, 0.5299204,0.031318,26279, SelfDown,
12-21-2022-22-27-46.915,1, 0.4409414,0.031258,30817, SelfDown,
12-21-2022-22-27-47.015,1, 0.3791216,0.032125,31063, SelfDown,
12-21-2022-22-27-47.119,1, 0.4024664,0.03247,32354, SelfDown,
12-21-2022-22-27-47.321,1, 0.5048884,0.031309,41373, SelfDown,
12-21-2022-22-27-47.421,1, 0.4046862,0.031309,41373, SelfDown,
12-21-2022-22-27-47.521,1, 0.3774424,0.031727,43605, SelfDown,
12-21-2022-22-27-47.220,1, 0.7467282,0.032312,44359, SelfDown,
12-21-2022-22-27-47.621,1, 0.3452767,0.032312,44359, SelfDown,
12-21-2022-22-27-47.722,1, 0.5270424,0.036382,46496, SelfDown,
12-21-2022-22-27-47.822,1, 0.4999787,0.035685,33515, SelfDown,
12-21-2022-22-27-48.023,1, 0.3694111,0.035394,33711, SelfDown,
12-21-2022-22-27-47.923,1, 0.4694757,0.035394,33711, SelfDown,
12-21-2022-22-27-48.123,1, 0.2685048,0.035394,33711, SelfDown,
12-21-2022-22-27-48.224,1, 0.1688008,0.035394,33711, SelfDown,
12-21-2022-22-27-48.324,1, 0.3046024,0.04345,34960, SelfDown,
12-21-2022-22-27-48.424,1, 0.2341376,0.044461,35138, SelfDown,
12-21-2022-22-27-48.524,1, 0.3552134,0.047269,41760, SelfDown,
12-21-2022-22-27-48.625,1, 0.3549457,0.042581,44648, SelfDown,
12-21-2022-22-27-48.725,1, 0.3056339,0.042198,45393, SelfDown,
12-21-2022-22-27-48.825,1, 0.2055411,0.042198,45393, SelfDown,
12-21-2022-22-27-48.927,1, 0.2736831,0.044098,47746, SelfDown,
12-21-2022-22-27-49.027,1, 0.2982368,0.045388,48753, SelfDown,
12-21-2022-22-27-49.127,1, 0.2315726,0.044271,50445, SelfDown,
12-21-2022-22-27-49.228,1, 0.3252094,0.04129,54758, SelfDown,
12-21-2022-22-27-49.330,1, 0.2526813,0.040552,55989, SelfDown,
12-21-2022-22-27-49.432,1, 0.1614256,0.040552,55989, SelfDown,
12-21-2022-22-27-49.532,1, 0.3023773,0.04054,59872, SelfDown,
12-21-2022-22-27-49.734,1, 0.3498293,0.045056,61774, SelfDown,
12-21-2022-22-27-49.835,1, 0.3057871,0.044622,63109, SelfDown,
12-21-2022-22-27-49.633,1, 0.586152,0.044361,63955, SelfDown,
12-21-2022-22-27-50.035,1, 0.2871634,0.044336,65665, SelfDown,
12-21-2022-22-27-50.236,1, 0.3402264,0.04375,71457, SelfDown,
12-21-2022-22-27-49.935,1, 0.6946888,0.044076,71649, SelfDown,
12-21-2022-22-27-50.136,1, 0.4937503,0.044076,71649, SelfDown,
12-21-2022-22-27-46.514,1, 4.117555,0.045617,10020, SelfUp,
12-21-2022-22-27-46.715,1, 3.9165765,0.045617,10020, SelfUp,
12-21-2022-22-27-46.614,1, 4.0172943,0.045617,10020, SelfUp,
12-21-2022-22-27-46.815,1, 3.8163849,0.045617,10020, SelfUp,
